site_id,assigned_feeder_id,zone,lat,lon,land_use,trench_distance_m,clear_width_m,clear_length_m,road_width_m,hydrant_distance_m,accessibility_score
SITE-000,DT-213,Electronic City,12.846302505955133,77.67141586609375,industrial,214.8480717326657,5.2779621825758785,5.192531786420403,6.3046157601749435,22.371556745285172,62.48431350211713
SITE-001,DT-219,Hebbal,13.036468580224067,77.58759880958002,industrial,311.45295174834973,5.470121795731634,7.702583243055363,4.589963481453949,16.95423394260783,58.7720105220004
SITE-002,DT-237,HSR Layout,12.910618971939638,77.63553277775884,commercial,77.97415486359354,3.8745098353536918,7.3404798526176664,8.304241638272455,31.776487733116443,59.57663421335133
SITE-003,DT-247,HSR Layout,12.90977093732677,77.63627344200476,parking_lot,49.49492347012843,5.12080373880584,7.260839441080196,6.849603623203304,34.042009331688014,87.91516195299954
SITE-004,DT-209,Hebbal,13.042457629741378,77.57422332118915,parking_lot,314.31249688932405,2.6472780576976835,5.5622400072869045,8.319683559392022,17.19243647553609,50.79157091893688
SITE-005,DT-240,Koramangala,12.923382645337824,77.63528017844767,residential,266.43948867991827,3.616629908772633,4.695067331835947,7.813801687349364,13.098992835906522,77.01893693520441
SITE-006,DT-208,BTM Layout,12.914477488548446,77.6031328242194,commercial,135.0644485291058,3.3935361003896247,7.028273354725646,7.051728839846545,37.45264468068116,66.7570677763876
SITE-007,DT-225,Yelahanka,13.09061464397516,77.59904378569017,industrial,211.3327117487437,2.99098313631401,8.509267363731265,6.553536183928362,6.027261914627253,45.9618099429357
SITE-008,DT-234,Jayanagar,12.936352889077705,77.57602467200748,residential,251.58265743245553,4.005119349070266,9.370462138006594,5.267971449130195,18.443966209985806,68.20023341802799
SITE-009,DT-204,Jayanagar,12.924144607685163,77.59195769845431,industrial,197.94979275389645,4.6970750809593085,4.250858158578839,8.181554729933824,29.240677613599082,86.37354339545561
SITE-010,DT-219,Hebbal,13.034356444238432,77.58679244754985,commercial,314.7476946950612,4.170271455107063,8.286155487452294,8.30462316640603,39.07809391518198,82.37765945650804
SITE-011,DT-201,Indiranagar,12.976891792593905,77.63278675017747,industrial,190.03822696044296,3.4692630366065895,8.77548484446666,8.252896179176954,36.08995639401271,94.99704134682764
SITE-012,DT-210,Koramangala,12.9034000006217,77.61294413580295,parking_lot,77.47902435181805,3.6887331300898634,4.627315570314599,7.550233485179673,31.922225087836235,78.93176554798043
SITE-013,DT-203,Electronic City,12.842088639444853,77.65717807070655,industrial,217.43643262824756,2.7527877925623905,9.324650597376479,4.747247311993422,19.38203959931268,80.079782562702
SITE-014,DT-245,Yelahanka,13.111840273448587,77.60244685645128,parking_lot,264.67517852055573,4.689829685102828,9.16146747579797,6.06240646374846,28.757906694451187,60.19417108482978
SITE-015,DT-229,Hebbal,13.017810653098683,77.58732295430173,commercial,184.79462595789667,3.911521646024548,7.288343725995198,5.328186262011238,27.949193004544696,61.76743991984812
SITE-016,DT-248,BTM Layout,12.93055647913559,77.60953852692188,residential,238.62781014834948,4.436727139553048,6.13935029248487,6.55280075435469,19.23873544737848,81.17451030376664
SITE-017,DT-232,Whitefield,12.975073022393401,77.75963919995704,mixed_use,168.97756530864038,3.967181252200615,7.8777260857228235,5.903765754834762,25.466803817437174,96.82259211031943
SITE-018,DT-238,BTM Layout,12.912881065006971,77.60674922138729,industrial,278.0477514621791,4.229696688667504,7.752568111894955,4.434910757444204,9.731914961852691,99.01234981673365
SITE-019,DT-207,HSR Layout,12.901611539721431,77.64770519987471,residential,107.71837570753178,5.174184018125818,7.827166256252447,7.617262449446324,8.822440506160792,87.84689275443662
SITE-020,DT-239,Hebbal,13.021154852509447,77.59175482956692,industrial,259.9208659474915,4.194920093066287,4.921764581898112,5.828314550351356,27.22781168301194,86.57209490188592
SITE-021,DT-208,BTM Layout,12.913305332509301,77.6149584091484,residential,170.5438833631332,3.169752408974473,8.314378991063169,3.9102612195788864,18.807546465983805,48.60155876855397
SITE-022,DT-209,Hebbal,13.025771487310013,77.59100749690235,residential,15.822608286999948,5.108957090656229,8.054754726995569,4.560882447188657,29.79167332529369,59.128675245722995
SITE-023,DT-241,Indiranagar,12.969738628019353,77.64026129700132,residential,276.1220978774225,3.146988641512836,7.091761457281869,6.268125206315879,32.69305940104539,52.95547521418117
SITE-024,DT-204,Jayanagar,12.928281773143462,77.58299165102954,parking_lot,153.24701590484403,4.245952514939784,8.08228311099838,4.189638748900512,29.036965838299892,51.657718395545956
SITE-025,DT-206,Marathahalli,12.950375762182812,77.70019401164133,commercial,75.47712915504707,4.577236570641963,8.43084911295729,6.201888044531804,9.12506367702176,46.02374337573603
SITE-026,DT-218,BTM Layout,12.913016691219052,77.5885282362026,mixed_use,289.9884249465523,2.4518357886154414,5.519456156877471,5.793143401216483,38.51581666486369,76.3074083219024
SITE-027,DT-204,Jayanagar,12.943700545431707,77.58396417316091,industrial,72.84995754242405,4.117810511210404,5.992821108556534,3.7555278037334205,29.279759152092883,62.8989534088581
SITE-028,DT-219,Hebbal,13.037545656949526,77.58975558941101,commercial,165.29276646445288,4.618393966390986,6.925384890968926,3.718469058381774,21.58779653976243,56.84624637424762
SITE-029,DT-232,Whitefield,12.96107852920094,77.73352578022036,residential,291.49019383799714,3.6946467519018564,5.393810207934671,4.88748761668959,29.006526138747383,70.42615698042742
SITE-030,DT-248,BTM Layout,12.937192451159087,77.61368997966258,commercial,181.04418401571513,4.278751425324878,7.291419929096638,6.844380510915359,23.811726277081434,43.77896429795031
SITE-031,DT-228,BTM Layout,12.916191869111662,77.61007044509029,industrial,13.54944994885259,4.52314478176479,8.058354591808182,8.438298386684446,14.023320956825895,84.66433202628208
SITE-032,DT-222,Whitefield,12.975611843156907,77.74307676327537,commercial,234.06957053972232,4.80091090858883,8.535263891644764,3.794167130679724,16.50094879723677,92.16389840066572
SITE-033,DT-204,Jayanagar,12.939879698777162,77.58968576769757,parking_lot,308.38391789865125,4.371515676146352,7.35169931191623,3.933674367235135,20.186742917781423,83.42600346796223
SITE-034,DT-241,Indiranagar,12.979076533457409,77.64856768770265,residential,203.46783373424324,3.1606619276191625,7.6919468865214755,4.274127046641192,35.19691249140679,81.16351449345348
SITE-035,DT-216,Marathahalli,12.929753761595098,77.67934681910789,mixed_use,205.65651872895208,2.4790035727828696,5.41685622290891,6.770059287604989,33.27510227685347,61.97146247014158
SITE-036,DT-219,Hebbal,13.038759628785735,77.583747402075,residential,177.9328635537571,4.010785792006877,7.039573729782854,5.447939329842836,20.422338350121628,99.47752518961977
SITE-037,DT-239,Hebbal,13.022874530491283,77.58816035419055,commercial,25.940348594182577,2.924147378060335,8.957214862477672,7.836267245141811,5.643980753439696,85.39789258089655
SITE-038,DT-244,Jayanagar,12.934206979964372,77.56480320842348,industrial,192.1138646241804,2.4952144101687135,5.052896706673405,7.015938312864883,11.634613219941148,78.45560221959724
SITE-039,DT-243,Electronic City,12.855377753506579,77.63327196905502,residential,252.78465091220113,3.441236604324547,7.9138998495145305,3.516570403688335,24.21453630927495,49.95297607572135
SITE-040,DT-243,Electronic City,12.857093930216665,77.6606964178839,industrial,233.47885398491422,5.485368583088787,4.511967133374791,3.5334192709511036,7.18476842617946,64.45749289112351
SITE-041,DT-212,Whitefield,12.96384434130135,77.75890095985497,mixed_use,220.7336397271821,3.4451657593179412,4.538271828363873,3.3940036510580107,17.191872612789894,97.25171819578135
SITE-042,DT-235,Yelahanka,13.080291447732586,77.5819153819016,residential,282.88238785158467,4.975420075214341,6.547864191734208,5.238318250753625,13.640819702348349,60.787433349250506
SITE-043,DT-240,Koramangala,12.907621483224466,77.6202320067098,commercial,75.78272580705723,3.3428028932219265,8.48129205531951,7.867708765780772,30.339195710893755,42.62588061967431
SITE-044,DT-207,HSR Layout,12.902579533698301,77.6448276509796,mixed_use,293.6803451775795,4.5549902103487945,4.489491708579365,7.0338235400530635,30.93032785772759,63.44783912796717
SITE-045,DT-222,Whitefield,12.984647563137182,77.73783737101203,parking_lot,317.28353755212135,3.6206230347571626,6.154106737799455,3.848646112071649,5.724601342888727,77.03264745469056
SITE-046,DT-238,BTM Layout,12.912639879202386,77.62334438040104,industrial,92.59686140554035,3.594792470639627,4.742967405969747,5.145020829106121,38.79306475043314,53.67792472423349
SITE-047,DT-203,Electronic City,12.835689344220103,77.64094554629578,residential,51.78190262475214,2.568777703499971,6.423160010127403,7.4687993593160895,8.558018569046979,81.90747487004748
SITE-048,DT-223,Electronic City,12.87093125082754,77.67611563592573,commercial,58.0221853765732,2.7404713136184786,8.79547668184163,4.115336914057894,19.16514211116018,71.44908539656694
SITE-049,DT-207,HSR Layout,12.905238026737928,77.65225936308788,parking_lot,307.57534667462403,5.195927450433709,4.261069727564077,3.590203804466652,23.783728143849274,75.80083102819361
SITE-050,DT-225,Yelahanka,13.081128272187444,77.58212791175947,parking_lot,79.29795879669479,3.7086863087662394,7.328037812466113,4.877868101756595,36.69383753837861,80.46605633752515
SITE-051,DT-242,Whitefield,12.967811003945156,77.7696745946894,industrial,93.31970770660982,3.2742559809962084,4.877556584024964,7.640687442378387,9.575864576908497,70.15016595146307
SITE-052,DT-205,Yelahanka,13.099078459731869,77.59703982700465,mixed_use,177.37625300315338,3.456046079403234,4.243697249459034,4.8383513806685485,21.238182495715936,66.20379139667583
SITE-053,DT-228,BTM Layout,12.922455627110057,77.62387341345294,industrial,276.6533914929946,3.2082731399066624,6.015747867973555,3.7319303001272366,28.09699495643491,83.86537839625012
SITE-054,DT-218,BTM Layout,12.91667918846255,77.60304630347561,mixed_use,114.57236104722533,4.978978337150233,9.271856883830006,3.389960525134844,19.20001579991908,87.3622720551087
SITE-055,DT-202,Whitefield,12.982532510176863,77.73722268710395,industrial,148.22980798880764,3.1968759342260697,5.3157626169409555,3.965693633386687,21.87718536544278,87.5514562545275
SITE-056,DT-231,Indiranagar,12.990716902847902,77.65461663145472,commercial,192.3257232069048,3.6103708099843734,5.102730875044937,4.512620668857126,13.986242900419965,50.712631362121144
SITE-057,DT-216,Marathahalli,12.953743456007453,77.68078999744154,commercial,248.11060336001745,3.876264503442023,7.688342268870967,7.529885890685701,9.512591227965968,57.139125943104396
SITE-058,DT-206,Marathahalli,12.969748935904942,77.69364574230747,mixed_use,63.10878850839969,3.28894456244112,9.468167152550967,3.9456188277191444,34.38879985577317,56.005534812743676
SITE-059,DT-237,HSR Layout,12.912226206570324,77.64006399453325,mixed_use,215.60706885156037,3.1563127641842272,5.6301429657591076,4.5090273947968,31.340030933019015,76.61223933361998
SITE-060,DT-237,HSR Layout,12.907599641774018,77.65511997097784,residential,239.78143562694467,3.6629395554566977,5.618702909394866,3.356678920950883,17.211617074987494,82.07663257791862
SITE-061,DT-243,Electronic City,12.865953723343347,77.65704429093192,residential,256.80085278758673,3.954234420197709,9.139165148469003,4.55077541173448,14.205808359744667,90.81861644438484
SITE-062,DT-220,Koramangala,12.931346172959643,77.61781503712375,mixed_use,249.7771965385032,3.3626273202588726,7.924054672339572,4.705472611844112,15.285922042057546,41.81041773618881
SITE-063,DT-211,Indiranagar,12.967523219097192,77.62598397397394,mixed_use,103.07534461665693,4.8694384506999455,6.026705322703297,4.5397869726128075,34.86025744966724,82.48019278861906
SITE-064,DT-228,BTM Layout,12.934053826061728,77.61308555615341,commercial,65.7721004836935,5.030841406131376,5.39720590273274,3.968618417972202,26.81843557268569,63.72579133161672
SITE-065,DT-229,Hebbal,13.024421656301605,77.58088529125497,mixed_use,299.401695326827,4.509442353769119,8.501510915230485,4.623937658053555,21.831945570385002,46.78462008831794
SITE-066,DT-249,Hebbal,13.030008067774128,77.59111037428124,industrial,77.97849449426529,3.2919518026967958,8.57492622190944,3.47898722708884,36.041042704057894,94.56797722192962
SITE-067,DT-223,Electronic City,12.860139900011905,77.70220557629415,parking_lot,305.4135311871801,4.060037798539666,6.4994987827942055,8.200003534894375,27.621015053809653,56.47024620148409
SITE-068,DT-219,Hebbal,13.046225533213617,77.57889204236622,industrial,239.0014284100582,3.971100854838207,6.003198471608159,5.662594161227549,39.428405960526675,54.42446519652259
SITE-069,DT-233,Electronic City,12.842334747290819,77.65627176144704,residential,26.856708057639093,5.478874100482804,7.910074826075378,3.4540826589732396,31.076894034756805,59.60402013786488
SITE-070,DT-215,Yelahanka,13.102084199463052,77.58446345311171,industrial,95.17459400982628,4.434912311645734,6.990008443371874,6.945903498730852,34.29471416978341,92.76923792879862
SITE-071,DT-206,Marathahalli,12.951701376711561,77.69155530169022,industrial,251.2288706139873,2.797004776400583,5.937608082395943,4.828267196861788,9.446508434858714,79.46861325720342
SITE-072,DT-223,Electronic City,12.85570578086219,77.69706211318817,residential,273.6298081496734,3.1088667570287956,9.383349728338846,6.612703195048246,11.49319479536841,65.70692000929948
SITE-073,DT-204,Jayanagar,12.934108915981279,77.59087315253328,commercial,248.97131626494038,5.24958035446567,6.2191213712648485,3.349400001437562,29.43281359910347,67.17317325634588
SITE-074,DT-248,BTM Layout,12.923780750703214,77.60995153241939,commercial,192.25741568944113,3.754404273327621,7.199695871223684,5.22725130531658,26.092635826937823,43.580924967219296
SITE-075,DT-203,Electronic City,12.846127748969595,77.65050467010927,industrial,145.92878685783774,2.532456215501405,8.647214824238842,7.929571644127096,17.092792039197313,78.34070816828844
SITE-076,DT-214,Jayanagar,12.91237790445236,77.59028453436251,industrial,118.11150603218131,3.7358614186382146,7.26991526380504,7.180496268164655,33.02877018714409,59.959561435870306
SITE-077,DT-209,Hebbal,13.026371058508401,77.60637224387656,parking_lot,56.95360058024522,5.223583340816697,4.416310326234883,7.589272761971203,21.992809755163993,94.40243141042865
SITE-078,DT-209,Hebbal,13.041359183237239,77.56864162313512,residential,80.55613150850351,3.7952005967541824,7.957116875680143,4.692322043530874,19.852966638270058,90.49788433521192
SITE-079,DT-247,HSR Layout,12.898845436177595,77.64075715465704,residential,204.37087242297994,2.5058617036350324,8.742584758891807,4.873558228484473,26.168266637355114,95.98812492978354
SITE-080,DT-224,Jayanagar,12.92863941101362,77.57381770872924,parking_lot,312.7235067366012,4.589303139217293,9.20767462063149,6.24609812862135,32.114102645435,58.08151735250921
SITE-081,DT-210,Koramangala,12.921441052083274,77.62896513569945,residential,163.32251613901317,3.689726295797187,6.55549187078134,4.98673316870785,9.939391745620906,40.75357109954981
SITE-082,DT-215,Yelahanka,13.110905124251188,77.59909355438796,parking_lot,55.21449469016486,3.389034853807108,8.803695355015913,4.202620180204128,29.817239891491294,63.186068640330284
SITE-083,DT-218,BTM Layout,12.930939162858895,77.57596139867255,commercial,65.30248454296677,5.166692659962926,7.4707636379832865,8.044961772117635,5.393676927229288,90.83047201814344
SITE-084,DT-223,Electronic City,12.880043353702687,77.69180677241468,industrial,69.1372409999977,4.913855221132945,7.09664072331544,8.178359454912016,39.45310502846762,96.48590940981424
SITE-085,DT-207,HSR Layout,12.895094232997486,77.6476464901136,commercial,106.39983541233211,3.8343919663347314,7.69918482763365,7.562233057152105,14.636077459660491,74.10754323587489
SITE-086,DT-239,Hebbal,13.003396720738177,77.59774905367668,mixed_use,76.19114678155742,2.4195468920310503,9.291738314992912,4.048223863960974,26.289680370954258,91.70644441571352
SITE-087,DT-228,BTM Layout,12.916987684948635,77.59517276705097,mixed_use,56.1675446252887,4.546144324013982,8.645170283257166,3.8364028300140536,31.744339645891866,93.3271713967101
SITE-088,DT-215,Yelahanka,13.125030861841413,77.59813214493597,parking_lot,218.39828654232286,5.329613736180174,5.724208178314585,7.707597709023065,20.68538496376648,63.376240000819706
SITE-089,DT-228,BTM Layout,12.933360413847632,77.6208256349932,industrial,103.1403031171422,4.394267020038563,4.479880904111955,6.6420191837407,15.618573294187716,94.02844543217569
SITE-090,DT-240,Koramangala,12.910530113824374,77.61636468934182,industrial,118.61730425698994,2.417258144668883,8.44674719026629,5.835732749584076,21.88766809301685,41.80754136203061
SITE-091,DT-230,Koramangala,12.941751283700416,77.63988048352688,residential,29.035809051453043,4.593642050943107,7.76825120740976,7.268291032391116,20.04084117450129,88.91023289760719
SITE-092,DT-245,Yelahanka,13.116154939709261,77.59707947029217,commercial,303.50325804591864,5.036888757432191,6.392902524786624,5.041395015597952,12.328278422947317,58.95773084380873
SITE-093,DT-217,HSR Layout,12.911419964516895,77.66202225395298,commercial,265.7992888067838,4.447247535873949,4.495129629064002,3.4871338660005615,18.77132891731562,50.31233638600186
SITE-094,DT-245,Yelahanka,13.117680133288447,77.61954012648889,residential,209.67756435197472,4.015852500396655,5.165909772543678,3.7477170362448136,15.588146792891148,60.15245218340709
SITE-095,DT-247,HSR Layout,12.908718753260105,77.6446601189371,mixed_use,226.07666787697687,2.9560173272141683,9.06667074785263,5.75309083981476,24.09446603931219,97.9195707878228
SITE-096,DT-212,Whitefield,12.963616585977826,77.75735896897505,commercial,219.84533130745956,4.175850634218945,4.677751775572856,3.806735486823188,33.3535970727031,51.22860167195103
SITE-097,DT-207,HSR Layout,12.908814627166404,77.64243537437366,mixed_use,147.32772215891913,5.313134738162802,6.600057250605637,4.863626491602879,35.09395756827108,95.25906116548595
SITE-098,DT-227,HSR Layout,12.901876615188225,77.67240697414312,mixed_use,58.21470819165698,4.948813056066978,6.2093917333664965,8.011468866942186,10.65597766362465,99.12741592314813
SITE-099,DT-223,Electronic City,12.871767486342,77.68738382690857,mixed_use,312.157140364872,3.2998284658635377,4.404304681432189,7.592815417588849,35.97191188512642,65.18606822069846
SITE-100,DT-207,HSR Layout,12.895689572809092,77.65757714992719,parking_lot,68.14087705882463,2.549319575052124,5.726383496365889,8.331603314913345,25.781164766607343,53.71609277549095
SITE-101,DT-223,Electronic City,12.847603774630535,77.696832470484,residential,267.6414317278365,4.73547483544875,5.983974802967482,7.287242753897768,10.199414627223527,62.96714046020966
SITE-102,DT-248,BTM Layout,12.925675535856168,77.60164791294541,residential,90.5057767080958,4.139196144045306,7.912066003032148,5.555818529458221,23.1586910911544,89.37638573005881
SITE-103,DT-214,Jayanagar,12.93808917477252,77.58803633724847,parking_lot,185.27564337323037,3.733107213805553,6.936929272228795,5.877674619369327,19.596362993858882,70.94159449004388
SITE-104,DT-236,Marathahalli,12.958845877644219,77.69373959809444,industrial,274.6630204476298,5.17327264374223,9.413932041270336,5.4226106334366175,6.548170427887815,84.66084418649518
SITE-105,DT-244,Jayanagar,12.93680179678735,77.5612170536242,industrial,33.305124102367,3.326883629820442,5.033600779507807,6.107752831680037,36.77323906640325,79.96406140331332
SITE-106,DT-229,Hebbal,13.032821472566424,77.57908672267048,commercial,175.769949610363,3.4203331172912463,8.927128726613933,4.37084782371215,18.80141228383934,82.64774754502449
SITE-107,DT-210,Koramangala,12.933420687627214,77.60679522888853,commercial,26.359139944715967,3.8633123490493944,4.769577035244229,8.221417734960148,8.737740631819177,86.4894071130353
SITE-108,DT-208,BTM Layout,12.922023928572429,77.611791319413,industrial,11.97071736680669,4.6500570875063385,7.248983110240344,7.088812530024937,31.277543270083054,81.11463388400239
SITE-109,DT-235,Yelahanka,13.090325091302379,77.58828755808987,industrial,146.34721629068673,3.5077563614745655,7.416280527596836,4.239926972246805,21.67084809355138,54.65130702545065
SITE-110,DT-213,Electronic City,12.847207443625122,77.66133327622751,parking_lot,125.56628129106869,3.9482500503864517,8.770799669755595,7.698645179397143,13.964006771166137,95.5836491219192
SITE-111,DT-244,Jayanagar,12.925229583838936,77.57770371931522,parking_lot,279.050266996966,3.7151303636286417,6.3569228819686,5.4860554459745225,19.882078097428778,83.57914184472781
SITE-112,DT-206,Marathahalli,12.945321365477906,77.71899114689587,industrial,115.62448919625872,4.684793216165029,6.868423728302169,7.2845980021055405,14.350920773292716,56.54432613314745
SITE-113,DT-225,Yelahanka,13.093879282397486,77.59092127083379,mixed_use,107.32190650844251,5.43490298861072,4.7656169174712355,8.381734236306798,39.71181258999317,62.37962321933078
SITE-114,DT-242,Whitefield,12.965269246163029,77.76780271800247,commercial,198.42691335951324,3.4337788500981175,8.658361456902961,6.9800801531441055,11.052796209146354,59.83632536385236
SITE-115,DT-216,Marathahalli,12.949299167247586,77.68252767616981,industrial,200.6510044392479,3.3108678386422032,4.726768781489751,8.140377394117078,31.455661884242154,85.61175774399402
SITE-116,DT-231,Indiranagar,12.992955864463967,77.64341712366334,commercial,316.3995363153642,3.995389547741776,6.812788228714931,7.609690425048477,16.562651098953975,66.75421778480315
SITE-117,DT-229,Hebbal,13.019279488042725,77.55549305616992,commercial,212.2262265472836,4.652221825860173,6.859486112746303,6.988943470879986,30.630465330195936,63.65770422902689
SITE-118,DT-239,Hebbal,13.023806148748859,77.60609502791812,residential,141.53653018994584,2.6120706639057545,9.001487932217959,3.3217769353536863,32.84014105621921,45.65557690927833
SITE-119,DT-217,HSR Layout,12.913745543307117,77.65907037131139,industrial,285.1508656490639,3.5353431822925634,8.059895603760582,5.686291398033907,26.920312140070607,85.35029920599462
SITE-120,DT-241,Indiranagar,12.966460730181714,77.64858931176602,parking_lot,131.36233908516448,2.9749311337361966,7.3955291989216,5.926435531302246,36.18125902930129,58.74192266683423
SITE-121,DT-201,Indiranagar,12.977516977217562,77.63938217009769,residential,187.56521831225567,3.0677492267414506,6.077783987112559,7.406439496921923,32.5459214013657,92.12539770170027
SITE-122,DT-216,Marathahalli,12.945808045870823,77.6783854461028,industrial,31.26945446158483,3.9376827829421046,5.821342154788004,7.568743414486858,18.273681042848708,40.16355106337167
SITE-123,DT-239,Hebbal,13.031741032409093,77.603066120913,industrial,108.32964635416776,3.2930466271405985,9.176914811294782,7.8886292856135185,17.500427906662402,74.2771933884047
SITE-124,DT-208,BTM Layout,12.925757758936353,77.61924774643472,mixed_use,159.7295636154865,5.156361923826013,8.89790734250614,6.636863422183108,36.914881112762544,54.880092852891174
SITE-125,DT-248,BTM Layout,12.912766643444161,77.6191555274387,mixed_use,81.19505893376065,3.9290629307808307,7.200560263560687,5.633969475261391,29.452172216767657,86.92756492947603
SITE-126,DT-232,Whitefield,12.965898330491747,77.73631466101938,commercial,148.8515745834914,4.988964270217309,7.532728916441849,7.491007515038144,25.39703798837462,58.07709913641196
SITE-127,DT-201,Indiranagar,12.97402163047209,77.62834633103755,industrial,166.6609647425931,3.788191502504141,7.099655832503901,8.022152842641836,5.048258006393469,67.93874249843955
SITE-128,DT-200,Koramangala,12.943792612815463,77.62815329408325,residential,13.491812999395211,4.235758858687947,7.010062409616221,6.872639569877279,35.48563366406121,61.542934856991984
SITE-129,DT-235,Yelahanka,13.104650851740818,77.59694222554582,industrial,211.41571847594682,4.466876606288176,9.371431389514564,4.534797083456361,36.9024651238341,75.70846872462621
SITE-130,DT-219,Hebbal,13.049988581694867,77.58740088283496,industrial,181.45270141553974,2.880184199856023,6.765620501901293,8.289812533481957,27.791309118185612,54.93240884188455
SITE-131,DT-206,Marathahalli,12.947319209276847,77.70391042408248,mixed_use,37.47764174036854,4.20152271280245,6.659336245030655,7.654637831499816,24.549165795166218,49.17678125886465
SITE-132,DT-218,BTM Layout,12.926370433058446,77.5924902627773,parking_lot,302.1494668592858,4.42088824411034,4.448266092143314,7.082623561069813,31.73688040497476,76.46224212339169
SITE-133,DT-248,BTM Layout,12.91542476613897,77.60850823707513,mixed_use,145.5560998592408,5.159946538417346,6.087582527745656,5.253564171196468,31.85060095937582,93.581390412246
SITE-134,DT-237,HSR Layout,12.917598996500685,77.65192937757813,industrial,106.48682768375313,3.05768637191101,6.013269882863822,3.478411807147903,37.53028457314278,49.473195880233284
SITE-135,DT-210,Koramangala,12.913920927516344,77.62185923972882,mixed_use,23.61436976287099,3.4779742534213556,6.126347169003906,3.2190547278982624,34.42504224569433,76.99222115678288
SITE-136,DT-245,Yelahanka,13.094592145242048,77.6024586407984,residential,43.182347894122955,5.024269227796278,4.834984906926038,7.931746417647878,39.25889191442575,55.28045935713026
SITE-137,DT-230,Koramangala,12.938142908041316,77.6376292399527,commercial,302.73641142661205,3.6200195148849663,5.5431028955244095,3.9085513848934643,37.70680868390611,49.92157802777715
SITE-138,DT-240,Koramangala,12.92327007896726,77.62288712753495,residential,225.8231042120412,3.1826891062177673,5.182510493195473,7.74052554684397,8.887712509876351,58.01008207646912
SITE-139,DT-240,Koramangala,12.910074225476203,77.62868428458343,parking_lot,299.96939477426247,2.454754229632303,9.024638983761978,4.175667400051067,30.284503640899917,90.30630693252219
SITE-140,DT-214,Jayanagar,12.921549297124756,77.6047123468962,mixed_use,46.36476160606945,3.1385537490119533,4.5950290962811895,8.169785516452846,10.190983842447391,74.94923498563128
SITE-141,DT-210,Koramangala,12.924667735021524,77.62339229364838,parking_lot,62.69410576218729,4.852050653884987,5.523609729486713,3.850624606880417,36.753128194774646,45.39431475095621
SITE-142,DT-238,BTM Layout,12.926603063172623,77.60549838670717,mixed_use,189.3484785365797,4.267900125006047,5.783436139523392,4.3308143053308905,6.018502735499473,40.68393156536077
SITE-143,DT-215,Yelahanka,13.105476076524456,77.60498382501635,residential,248.54790613711435,4.383613126115714,6.973752305597035,3.9252003273230756,15.398510451334358,54.838658424460895
SITE-144,DT-232,Whitefield,12.975015399761865,77.75361826581714,commercial,306.6667962434945,4.876905480785492,5.653070665524217,8.124048452102404,30.615032784263523,96.90460233008616
SITE-145,DT-223,Electronic City,12.865707260804744,77.69334484537245,mixed_use,219.58970239297585,4.7500036434548925,6.077933803960791,4.342038822147586,17.517291076727318,74.57840007550273
SITE-146,DT-219,Hebbal,13.051823623169614,77.59195118887703,residential,170.24488237607633,4.900545940378279,4.884206789531479,7.397080854353267,34.874244011739414,69.05935175136327
SITE-147,DT-214,Jayanagar,12.909097288691738,77.595872282846,commercial,66.1115564354354,5.170564205301053,7.1645547727708365,3.934226004462543,24.362010112701945,99.51220449996194
SITE-148,DT-201,Indiranagar,12.978498432352334,77.6299841554557,industrial,67.78427229049434,4.235523228084447,9.224256439278534,7.190372693980574,12.101331534843471,75.2470335224216
SITE-149,DT-223,Electronic City,12.855527998787085,77.67912818467063,commercial,31.13971511900896,3.7094188316225574,4.650169020418839,6.910515033339937,10.684828948349336,67.9170497474644
SITE-150,DT-241,Indiranagar,12.974162510211235,77.6198602187362,industrial,176.39349932873773,5.257973893312476,5.638410660682265,4.152846073221579,26.336392461693894,86.06821786550162
SITE-151,DT-224,Jayanagar,12.924113655744044,77.57067058169078,commercial,292.27750641503707,3.0603223794658785,7.310300669719451,5.5067261680733655,35.9613742476553,67.39648199631694
SITE-152,DT-207,HSR Layout,12.908738023309969,77.65161036093151,residential,172.4265200986614,3.902924127485437,4.406509627333288,7.1580525485032425,31.779033065115716,93.64407656900394
SITE-153,DT-229,Hebbal,13.005523485306195,77.58424601294048,industrial,200.71261750961568,4.726429839273015,5.0304402887777355,5.396573026284624,7.949218195624176,62.12381875967117
SITE-154,DT-236,Marathahalli,12.965173388327964,77.69436928112962,parking_lot,61.785904035747826,5.497664582666051,4.889752790844549,3.477724591795347,7.236597329405059,58.6910700420772
SITE-155,DT-200,Koramangala,12.941689179881395,77.63171930087414,commercial,31.997772984481646,3.2649939206517935,9.165750783563116,6.925326762524405,28.978156683750758,79.83690245567466
SITE-156,DT-201,Indiranagar,12.980232580422143,77.62860416472076,mixed_use,194.72972385919667,5.348870809537347,5.9153836678766325,8.054665907144308,26.431983709036384,87.51502790389858
SITE-157,DT-229,Hebbal,13.02020375811928,77.59917220043016,commercial,121.96860270645416,2.6950865482655075,7.027801127163322,7.841235232676991,14.81936849778156,89.33113131698852
SITE-158,DT-233,Electronic City,12.839896983402282,77.65444076502665,residential,121.63791508006479,4.043076843692833,9.124265353946381,5.474346582244957,6.495628548326185,63.16216830716407
SITE-159,DT-225,Yelahanka,13.101714591985028,77.57151516194033,parking_lot,288.6274311240118,3.2137079886705036,8.570238733104015,7.239619201565015,22.554934151622867,72.71895872406785
SITE-160,DT-213,Electronic City,12.866812921580454,77.66573080609763,residential,86.4389538216405,2.969985904425174,8.466435903756064,6.611061979985115,33.273318866063505,98.18365712889242
SITE-161,DT-220,Koramangala,12.922445890180535,77.63408289808544,residential,276.29364091383144,2.8646151480931255,6.854763715243101,5.585988889948462,10.855271271703462,52.139886344225886
SITE-162,DT-230,Koramangala,12.938964115667211,77.63443043236636,residential,175.3724931593081,2.8160940859872348,8.662660034026448,8.097904454181696,9.811794258223426,43.34342613964283
SITE-163,DT-222,Whitefield,12.977644245883868,77.75654641101653,mixed_use,15.658086619331062,2.6380449313553607,5.57350553193441,3.3871017754737496,12.726330428849527,93.31964189388927
SITE-164,DT-230,Koramangala,12.93395124413052,77.6524963821293,residential,297.6378508584666,4.07155175367568,9.318407110837807,7.648176024405993,33.01050305735194,45.24637851125499
SITE-165,DT-227,HSR Layout,12.90523215772958,77.66659097450456,mixed_use,37.09796166449182,3.297294518250518,8.334174351644917,3.5411425402244903,31.69308137656817,75.8738547634177
SITE-166,DT-202,Whitefield,12.974653680470885,77.7413052063163,parking_lot,120.58842594601194,4.737673115859467,6.6048329327294475,6.945126617942485,10.782029815370862,71.46716565148164
SITE-167,DT-237,HSR Layout,12.906437853259115,77.63607310558052,commercial,229.60513211332884,2.9801848524939762,9.094955320182374,5.977891895919804,37.012000809660215,45.0516592035676
SITE-168,DT-216,Marathahalli,12.951601613305833,77.70695783963068,mixed_use,82.38828548063584,3.4873600268790685,9.28272760232293,3.2516659000126107,10.9557511406576,69.05967200878277
SITE-169,DT-237,HSR Layout,12.9223513736968,77.65423322925442,parking_lot,10.510470130144665,5.472373008024068,4.517076794877092,3.5886963570416794,24.19442776411701,87.28307709413266
SITE-170,DT-228,BTM Layout,12.929079184409897,77.61800339503696,industrial,195.24188090988284,4.144835475962706,6.3596405803548075,3.6107857888969823,33.60270569770135,65.14604190458432
SITE-171,DT-221,Indiranagar,12.981609826509029,77.61687196081942,parking_lot,205.718968707322,4.608626820782924,6.196276281311698,6.738576395771279,39.37389695522709,88.14755789679572
SITE-172,DT-216,Marathahalli,12.92707501872433,77.68289600866615,mixed_use,207.35265033892279,3.9415206212213136,7.52729401735704,4.339012792764301,16.095069646389163,57.698137092001645
SITE-173,DT-203,Electronic City,12.837210364446605,77.65124434550769,commercial,306.9229826954099,3.6687628037872573,6.901707343729376,6.152924847207602,18.20347702498004,57.049198746039195
SITE-174,DT-246,Marathahalli,12.959910228627269,77.70027598523939,parking_lot,212.35542175932548,4.320755960324053,7.934808279412005,7.390700498330294,27.98738016840603,52.948081916753175
SITE-175,DT-248,BTM Layout,12.926738203277054,77.6008026648471,commercial,254.25326370388154,3.9289498151479725,8.654542804142999,8.320282264692374,26.679924748774695,54.753219530190336
SITE-176,DT-246,Marathahalli,12.945353109859509,77.69910856738275,residential,210.15654658189322,5.125209285132405,9.201447306475036,5.013250052995365,25.673196877150914,72.22679893544594
SITE-177,DT-225,Yelahanka,13.095951130257738,77.56665818917229,mixed_use,297.6773986196871,5.063133190442425,8.105646011931185,4.334584341383078,28.057138404135696,89.95331849268354
SITE-178,DT-242,Whitefield,12.96281600920706,77.77194012758014,industrial,91.91268853523812,3.763137438455291,4.929667713820527,6.247474346002974,13.945813536890753,70.99236967046632
SITE-179,DT-241,Indiranagar,12.976670205982249,77.62638687528747,commercial,177.7235228128162,4.329324485498784,5.4830897094402875,6.250238976576686,19.173774352874453,41.63548621849755
SITE-180,DT-240,Koramangala,12.908314738954177,77.62067663670409,parking_lot,38.31517108276643,4.3221328900065945,5.2224830884257045,8.344704640221446,32.39167879756242,58.77882548778752
SITE-181,DT-231,Indiranagar,12.98363042225397,77.65900527424036,mixed_use,136.7327561679313,3.471179887096153,7.872483112122675,7.358659966796304,36.732536884613936,56.655224106692216
SITE-182,DT-200,Koramangala,12.932386818833042,77.63228485521071,residential,86.9550875608279,2.86215941792763,8.020828765191517,7.493126697475842,31.01987013506894,97.42630670944206
SITE-183,DT-204,Jayanagar,12.941629520662106,77.60693510713183,parking_lot,44.65030121087944,4.365781770571873,5.555772840389724,3.909975549611578,15.675106967665588,67.98601553268941
SITE-184,DT-204,Jayanagar,12.937759752871221,77.59297439336169,mixed_use,190.4582486391865,3.8451755833570536,9.21850854460822,7.343955544530373,24.618535197428113,58.375723548059256
SITE-185,DT-244,Jayanagar,12.924494752358786,77.54597853692553,residential,147.30976643770802,4.878642208338938,8.909922634634526,3.2548804528738056,11.880011699401049,66.12975674027409
SITE-186,DT-208,BTM Layout,12.924695700498706,77.61701871524201,residential,84.0117213310937,4.6738879416496495,4.7110194045234035,6.3649333816067895,6.447418247146732,55.574986580344046
SITE-187,DT-242,Whitefield,12.964395121408646,77.7789860462879,commercial,268.7487646595091,4.54259823722575,5.7313458001976905,5.052553593433046,5.923191396103283,89.0705186856294
SITE-188,DT-238,BTM Layout,12.914667886400393,77.62289476955415,industrial,76.9563035302811,4.610722177010414,8.333047054379623,6.113596360922571,37.56108658435046,95.98628908990068
SITE-189,DT-214,Jayanagar,12.909141949467267,77.60195207642985,mixed_use,61.561176216254864,5.265499234948512,5.471784020274472,8.268224121990048,31.94810701121195,84.21447060148017
SITE-190,DT-233,Electronic City,12.86061169597374,77.65932210975983,industrial,285.91319678322975,4.9571661521144,7.317506870788865,3.9380513981272838,24.914453219824676,79.17787548235975
SITE-191,DT-200,Koramangala,12.947727921666958,77.64505126058825,parking_lot,75.1243380528518,4.610294535186045,8.729782724826908,5.51261068822577,7.206142344477157,58.9789303638464
SITE-192,DT-212,Whitefield,12.97140197678247,77.76223076631949,parking_lot,73.97849443729922,3.5069860585100443,8.053040491534219,3.4458725972019137,39.18564082061375,92.85675886748878
SITE-193,DT-220,Koramangala,12.93476199177395,77.60657205025122,parking_lot,114.40563966044256,2.8576620367523624,5.457289790892849,5.506193921622247,16.555112021892025,62.80493397142646
SITE-194,DT-211,Indiranagar,12.989207378036811,77.62565578958058,residential,198.36351277629814,4.160389838219605,5.404457497025609,8.046681394661125,11.382286205628896,55.58081894001796
SITE-195,DT-249,Hebbal,13.034079817668069,77.58657031740233,residential,11.437867578055464,2.90057317706786,4.3792651218875,3.6016458214035048,30.123570380171458,85.4780988531685
SITE-196,DT-248,BTM Layout,12.907467651086124,77.58838645003664,mixed_use,111.64302348213238,2.504454689982701,4.79954475619522,5.966379924394305,21.456886784000982,68.26781388783135
SITE-197,DT-243,Electronic City,12.875265017752053,77.65453664320619,residential,74.31233669761117,3.104870134819127,7.19382295769558,8.14270595280968,23.795917090494942,72.79159601987715
SITE-198,DT-237,HSR Layout,12.91210708385108,77.63370309701084,parking_lot,55.64713939509888,5.369471561145112,7.0352961025190845,3.6686131945869054,19.147065534308926,98.7548849807261
SITE-199,DT-242,Whitefield,12.949993645591103,77.76697587378303,residential,301.49731968259533,2.951239289866007,8.537192778485569,7.679294067306946,29.708909594622366,94.13834494117305
