feeder_id,hour,predicted_load_p95_kw,capacity_pct,rated_capacity_kva,status
DT-200,0,60.7888427053352,96.49022651640509,63,HIGH
DT-200,1,62.26632175313056,98.8354313541755,63,HIGH
DT-200,2,59.54822277735809,94.52098853548904,63,HIGH
DT-200,3,66.34035889672968,105.30215697893601,63,CRITICAL
DT-200,4,58.557228486350176,92.94798172436536,63,HIGH
DT-200,5,61.558582921603275,97.71203638349726,63,HIGH
DT-200,6,58.868438914165175,93.44196653042091,63,HIGH
DT-200,7,63.97797189991894,101.55233634907768,63,CRITICAL
DT-200,8,68.15063905008967,108.17561753982487,63,CRITICAL
DT-200,9,64.97224414781758,103.1305462663771,63,CRITICAL
DT-200,10,62.68868317761045,99.50584631366738,63,HIGH
DT-200,11,62.22727189691844,98.7734474554261,63,HIGH
DT-200,12,63.99433134316673,101.57830371931227,63,CRITICAL
DT-200,13,62.595345288428476,99.35769093401346,63,HIGH
DT-200,14,67.17543723889156,106.62767815697073,63,CRITICAL
DT-200,15,58.78081689558946,93.30288396125312,63,HIGH
DT-200,16,59.75767028426822,94.85344489566384,63,HIGH
DT-200,17,59.49401208789786,94.43493982206009,63,HIGH
DT-200,18,61.99605174939637,98.40643134824822,63,HIGH
DT-200,19,59.74320750515483,94.83048810342035,63,HIGH
DT-200,20,56.892902401444765,90.30619428800756,63,HIGH
DT-200,21,53.49570093560234,84.91381100889261,63,SAFE
DT-200,22,113.70428143997822,180.48298641266385,63,CRITICAL
DT-200,23,62.986864059677764,99.97914930107582,63,HIGH
DT-201,0,138.65594453396682,86.12170467948249,161,HIGH
DT-201,1,138.74897043481124,86.17948474211877,161,HIGH
DT-201,2,145.30754240918017,90.2531319311678,161,HIGH
DT-201,3,138.88187704008618,86.26203542862496,161,HIGH
DT-201,4,148.78118670576106,92.4106749725224,161,HIGH
DT-201,5,145.57343080642477,90.41828000399053,161,HIGH
DT-201,6,149.5795503145731,92.90655299041808,161,HIGH
DT-201,7,149.2046629568045,92.67370369987857,161,HIGH
DT-201,8,157.7399705250534,97.97513697208285,161,HIGH
DT-201,9,148.56255485350871,92.27487879099921,161,HIGH
DT-201,10,145.69226053615915,90.49208728953985,161,HIGH
DT-201,11,148.25671421520389,92.08491566161732,161,HIGH
DT-201,12,161.75656817774316,100.46991812282184,161,CRITICAL
DT-201,13,153.2331160882373,95.17584850201074,161,HIGH
DT-201,14,143.75972557567775,89.29175501594891,161,HIGH
DT-201,15,161.44743401697528,100.27790932731384,161,CRITICAL
DT-201,16,145.96653874568864,90.66244642589356,161,HIGH
DT-201,17,148.55877156234226,92.27252892070948,161,HIGH
DT-201,18,136.02946226208493,84.49034923110865,161,SAFE
DT-201,19,131.1284360167426,81.4462335507718,161,SAFE
DT-201,20,131.10614843317168,81.43239033116254,161,SAFE
DT-201,21,120.6653632247606,74.94743057438546,161,SAFE
DT-201,22,138.72639945056798,86.1654654972472,161,HIGH
DT-201,23,143.22621158672655,88.96037986753201,161,HIGH
DT-202,0,142.8364021667651,85.02166795640781,168,HIGH
DT-202,1,145.12897018272224,86.38629177542991,168,HIGH
DT-202,2,153.90738259546114,91.61153725920306,168,HIGH
DT-202,3,147.97977313168863,88.08319829267181,168,HIGH
DT-202,4,145.85090514762314,86.8160149688233,168,HIGH
DT-202,5,144.8237773502142,86.2046293751275,168,HIGH
DT-202,6,145.815520609754,86.79495274390119,168,HIGH
DT-202,7,165.71761390810252,98.64143685006101,168,HIGH
DT-202,8,164.8747475393586,98.13973067818964,168,HIGH
DT-202,9,159.3167838520903,94.83141895957756,168,HIGH
DT-202,10,150.28153975656056,89.45329747414318,168,HIGH
DT-202,11,152.78637699705234,90.94427202205496,168,HIGH
DT-202,12,155.35697781663694,92.47439155752198,168,HIGH
DT-202,13,151.51503200866597,90.18751905277736,168,HIGH
DT-202,14,153.65234064933304,91.45972657698395,168,HIGH
DT-202,15,152.2782794437818,90.64183300225106,168,HIGH
DT-202,16,149.08096954054454,88.73867234556222,168,HIGH
DT-202,17,144.8278356507343,86.207045030199,168,HIGH
DT-202,18,148.32641588775473,88.28953326652068,168,HIGH
DT-202,19,153.32583795257514,91.26537973367569,168,HIGH
DT-202,20,146.29199633289892,87.07856924577317,168,HIGH
DT-202,21,130.97419564176187,77.96083073914397,168,SAFE
DT-202,22,142.55696508510667,84.85533636018255,168,SAFE
DT-202,23,145.57030287264251,86.64898980514435,168,HIGH
DT-203,0,148.17776332674754,82.78087336689806,179,SAFE
DT-203,1,158.6248863875282,88.61725496509955,179,HIGH
DT-203,2,151.14415142851476,84.43807342375126,179,SAFE
DT-203,3,150.92825484361305,84.31746080648773,179,SAFE
DT-203,4,150.04293585541512,83.82286919296935,179,SAFE
DT-203,5,155.02493893288644,86.60611113569074,179,HIGH
DT-203,6,151.70723562863427,84.75264560258897,179,SAFE
DT-203,7,162.52517411803413,90.79618665811962,179,HIGH
DT-203,8,163.2180841244752,91.18328722037721,179,HIGH
DT-203,9,153.0314052204012,85.49240515106213,179,HIGH
DT-203,10,156.09985599427853,87.2066234604908,179,HIGH
DT-203,11,157.92213810466794,88.22465815903237,179,HIGH
DT-203,12,161.7667059076112,90.37246140090011,179,HIGH
DT-203,13,149.41248054926143,83.47065952472705,179,SAFE
DT-203,14,157.88385611941766,88.20327157509367,179,HIGH
DT-203,15,153.60224446681676,85.81130975799819,179,HIGH
DT-203,16,153.60163753238854,85.81097068848521,179,HIGH
DT-203,17,155.11693837353192,86.65750747124689,179,HIGH
DT-203,18,146.11055641104932,81.62600916818397,179,SAFE
DT-203,19,141.35351876460467,78.9684462372093,179,SAFE
DT-203,20,143.7879168638367,80.32844517532776,179,SAFE
DT-203,21,123.01301070218042,68.72235234758682,179,SAFE
DT-203,22,136.89923582007188,76.48002001121334,179,SAFE
DT-203,23,142.28982260684512,79.49152100941068,179,SAFE
DT-204,0,105.10624521849255,69.14884553848194,152,SAFE
DT-204,1,115.81904177736799,76.1967380114263,152,SAFE
DT-204,2,111.94577447320935,73.64853583763772,152,SAFE
DT-204,3,142.79795700186273,93.94602434333073,152,HIGH
DT-204,4,119.38549422460648,78.54308830566215,152,SAFE
DT-204,5,110.6187237621366,72.7754761593004,152,SAFE
DT-204,6,112.85662222244721,74.2477777779258,152,SAFE
DT-204,7,120.21247127958839,79.08715215762395,152,SAFE
DT-204,8,137.92586796854602,90.74070261088553,152,HIGH
DT-204,9,119.83302817521013,78.83751853632245,152,SAFE
DT-204,10,116.5905549665352,76.70431247798369,152,SAFE
DT-204,11,112.78289966921592,74.19927609816837,152,SAFE
DT-204,12,137.18166637931543,90.25109630218121,152,HIGH
DT-204,13,126.04664401791632,82.92542369599758,152,SAFE
DT-204,14,115.3478806228346,75.88676356765434,152,SAFE
DT-204,15,117.87738165020394,77.55090898039734,152,SAFE
DT-204,16,119.70584599918644,78.75384605209634,152,SAFE
DT-204,17,126.56490262183101,83.2663833038362,152,SAFE
DT-204,18,124.14781740571695,81.67619566165588,152,SAFE
DT-204,19,131.70048431068398,86.64505546755524,152,HIGH
DT-204,20,123.0188109670161,80.93342826777375,152,SAFE
DT-204,21,117.17829810520897,77.09098559553222,152,SAFE
DT-204,22,136.15465415412206,89.57543036455398,152,HIGH
DT-204,23,120.88254837112669,79.52799234942545,152,SAFE
DT-205,0,157.38779364018365,83.27396488898606,189,SAFE
DT-205,1,164.13642029639567,86.84466682348977,189,HIGH
DT-205,2,166.40994903838012,88.047592083799,189,HIGH
DT-205,3,159.34955827733802,84.31193559647514,189,SAFE
DT-205,4,165.69731210512495,87.67053550535711,189,HIGH
DT-205,5,167.58014389692397,88.66674280260528,189,HIGH
DT-205,6,162.6730725644146,86.07040876424054,189,HIGH
DT-205,7,173.63059199692742,91.8680380936124,189,HIGH
DT-205,8,173.87811766630165,91.99900405624426,189,HIGH
DT-205,9,168.25903690217268,89.025945450885,189,HIGH
DT-205,10,163.9767633420632,86.76019224447789,189,HIGH
DT-205,11,167.54548899070213,88.64840687338737,189,HIGH
DT-205,12,168.25158622044552,89.02200329124102,189,HIGH
DT-205,13,172.39489117353378,91.21422813414485,189,HIGH
DT-205,14,170.39918479694248,90.15829883436109,189,HIGH
DT-205,15,165.86428809594122,87.7588825904451,189,HIGH
DT-205,16,167.54770248045193,88.64957803198514,189,HIGH
DT-205,17,165.80271580116857,87.72630465670294,189,HIGH
DT-205,18,164.2410091980548,86.90000486669565,189,HIGH
DT-205,19,162.99383405547212,86.24012383887414,189,HIGH
DT-205,20,160.81460813074284,85.08709424907029,189,HIGH
DT-205,21,141.59892147328145,74.92006427157749,189,SAFE
DT-205,22,151.40540305027818,80.10867886258104,189,SAFE
DT-205,23,157.24102970149102,83.1963120113709,189,SAFE
DT-206,0,98.39073313666628,82.68128835013972,119,SAFE
DT-206,1,99.35929503335764,83.49520591038458,119,SAFE
DT-206,2,99.77675186692747,83.84600997220795,119,SAFE
DT-206,3,103.42011759070361,86.9076618409274,119,HIGH
DT-206,4,98.61730908957871,82.87168831057033,119,SAFE
DT-206,5,106.92355140979657,89.85172387377862,119,HIGH
DT-206,6,100.06200025151024,84.08571449706743,119,SAFE
DT-206,7,102.26856506513715,85.9399706429724,119,HIGH
DT-206,8,105.37148667462185,88.54746779379987,119,HIGH
DT-206,9,102.76600788919825,86.35798982285567,119,HIGH
DT-206,10,109.94063096707364,92.38708484628037,119,HIGH
DT-206,11,103.26358049242063,86.77611806085767,119,HIGH
DT-206,12,106.38027148682264,89.39518612338037,119,HIGH
DT-206,13,104.18355457918257,87.54920552872484,119,HIGH
DT-206,14,109.3722559171826,91.90945875393496,119,HIGH
DT-206,15,103.8573920735102,87.27511938950437,119,HIGH
DT-206,16,107.46559631236772,90.30722379190566,119,HIGH
DT-206,17,107.52649192091546,90.35839657219788,119,HIGH
DT-206,18,105.98367009796976,89.06190764535275,119,HIGH
DT-206,19,111.78323934468872,93.93549524763758,119,HIGH
DT-206,20,116.19477286214351,97.64266627070883,119,HIGH
DT-206,21,102.00461271711455,85.7181619471551,119,HIGH
DT-206,22,136.8077671018973,114.9645101696616,119,CRITICAL
DT-206,23,104.30625297797455,87.65231342686937,119,HIGH
DT-207,0,118.04832604709242,81.41263865316718,145,SAFE
DT-207,1,111.17463100361596,76.67215931283859,145,SAFE
DT-207,2,121.35933466895386,83.69609287514061,145,SAFE
DT-207,3,119.71216789376868,82.56011578880599,145,SAFE
DT-207,4,123.37384977731858,85.08541363953005,145,HIGH
DT-207,5,119.8008236484736,82.62125768860248,145,SAFE
DT-207,6,110.43548647068246,76.16240446253963,145,SAFE
DT-207,7,129.8944332823692,89.58236778094427,145,HIGH
DT-207,8,135.94812349089807,93.75732654544694,145,HIGH
DT-207,9,120.84377967172529,83.34053770463812,145,SAFE
DT-207,10,113.49419983246955,78.27186195342728,145,SAFE
DT-207,11,126.75696482873673,87.41859643361154,145,HIGH
DT-207,12,121.48606854667102,83.78349554942828,145,SAFE
DT-207,13,123.06795512332994,84.87445180919306,145,SAFE
DT-207,14,134.695067455412,92.89314996924965,145,HIGH
DT-207,15,128.65545950502056,88.72790310691073,145,HIGH
DT-207,16,117.62243247492232,81.11891894822229,145,SAFE
DT-207,17,121.52832239005559,83.81263613107282,145,SAFE
DT-207,18,106.3188808014645,73.32336606997552,145,SAFE
DT-207,19,106.46530954883917,73.42435141299254,145,SAFE
DT-207,20,112.74609076588217,77.75592466612564,145,SAFE
DT-207,21,98.50924787639511,67.93741232854835,145,SAFE
DT-207,22,142.9187210612807,98.56463521467634,145,HIGH
DT-207,23,132.03699046385927,91.05999342335123,145,HIGH
DT-208,0,64.12304141677804,74.56167606602096,86,SAFE
DT-208,1,71.36922896045886,82.98747553541727,86,SAFE
DT-208,2,75.2275723270168,87.47392131048466,86,HIGH
DT-208,3,77.00957607387987,89.54601869055799,86,HIGH
DT-208,4,80.21947304057983,93.27845702393005,86,HIGH
DT-208,5,68.69171314367989,79.87408505079057,86,SAFE
DT-208,6,84.53764626499645,98.29958868022844,86,HIGH
DT-208,7,85.8322817322044,99.8049787583772,86,HIGH
DT-208,8,81.6087930649932,94.89394542441069,86,HIGH
DT-208,9,80.83583006892708,93.99515124293846,86,HIGH
DT-208,10,85.66569195842281,99.6112697190963,86,HIGH
DT-208,11,72.3819411256764,84.16504782055395,86,SAFE
DT-208,12,87.1710902416402,101.3617328391165,86,CRITICAL
DT-208,13,82.58966410366762,96.03449314379955,86,HIGH
DT-208,14,75.57871393614849,87.8822255071494,86,HIGH
DT-208,15,79.12856338849565,92.00995742848332,86,HIGH
DT-208,16,80.78251949779113,93.93316220673387,86,HIGH
DT-208,17,71.18156021876189,82.76925606832778,86,SAFE
DT-208,18,78.58868075424009,91.38218692353499,86,HIGH
DT-208,19,80.92985869572294,94.1044868554918,86,HIGH
DT-208,20,81.69483206052045,94.99399076804704,86,HIGH
DT-208,21,72.18619584694189,83.93743703132778,86,SAFE
DT-208,22,129.0794559309716,150.09239061740882,86,CRITICAL
DT-208,23,70.41607165183206,81.87915308352564,86,SAFE
DT-209,0,113.32316382038954,93.65550728957814,121,HIGH
DT-209,1,112.50174429153105,92.97664817481905,121,HIGH
DT-209,2,107.35750537528808,88.7252110539571,121,HIGH
DT-209,3,115.1539471232179,95.16855134150241,121,HIGH
DT-209,4,108.59614788668179,89.74888255097669,121,HIGH
DT-209,5,109.48412116227306,90.48274476220914,121,HIGH
DT-209,6,112.9612549077118,93.35640901463786,121,HIGH
DT-209,7,119.97759780449664,99.15503950784846,121,HIGH
DT-209,8,126.61725847016112,104.64236237203399,121,CRITICAL
DT-209,9,114.65565992811008,94.75674374223975,121,HIGH
DT-209,10,115.39151195770899,95.36488591546197,121,HIGH
DT-209,11,114.85185427356123,94.91888782938943,121,HIGH
DT-209,12,115.99012740628486,95.8596094266817,121,HIGH
DT-209,13,112.0955265584681,92.64093104005629,121,HIGH
DT-209,14,112.1860408106223,92.71573620712587,121,HIGH
DT-209,15,107.99337961208214,89.250726952134,121,HIGH
DT-209,16,119.29494083034271,98.59086019036587,121,HIGH
DT-209,17,109.53174681067844,90.52210480221359,121,HIGH
DT-209,18,128.09832592886042,105.8663850651739,121,CRITICAL
DT-209,19,137.1792247796343,113.37126014845809,121,CRITICAL
DT-209,20,129.354858007149,106.90484132822233,121,CRITICAL
DT-209,21,109.28278157663739,90.31634841044412,121,HIGH
DT-209,22,142.48390949594742,117.75529710408877,121,CRITICAL
DT-209,23,117.67401156966022,97.25124923112415,121,HIGH
DT-210,0,100.10856075380796,86.30048340845514,116,HIGH
DT-210,1,97.57019483561103,84.11223692725089,116,SAFE
DT-210,2,100.94218281024723,87.0191231122821,116,HIGH
DT-210,3,109.4207283658816,94.32821410851862,116,HIGH
DT-210,4,97.194468835214,83.78833520277068,116,SAFE
DT-210,5,103.66664653506422,89.36779873712432,116,HIGH
DT-210,6,92.67950171795653,79.89612217065218,116,SAFE
DT-210,7,106.370380821488,91.69860415645518,116,HIGH
DT-210,8,129.29847681617386,111.46420415187401,116,CRITICAL
DT-210,9,105.7695418644716,91.1806395383376,116,HIGH
DT-210,10,101.57960383807091,87.56862399833699,116,HIGH
DT-210,11,104.41202745120022,90.01036849241397,116,HIGH
DT-210,12,96.63679246996426,83.30757971548643,116,SAFE
DT-210,13,101.18374329169184,87.2273649066309,116,HIGH
DT-210,14,96.12552942579407,82.86683571189144,116,SAFE
DT-210,15,99.8744532172544,86.09866656659861,116,HIGH
DT-210,16,96.79307110417992,83.44230267601716,116,SAFE
DT-210,17,109.11022259973402,94.06053672390863,116,HIGH
DT-210,18,100.6823074252946,86.7950926080126,116,HIGH
DT-210,19,96.63251658764115,83.30389361003547,116,SAFE
DT-210,20,100.84836622488422,86.93824674558984,116,HIGH
DT-210,21,87.7718965835486,75.66542808926603,116,SAFE
DT-210,22,133.95104426285639,115.47503815763481,116,CRITICAL
DT-210,23,105.35258720401583,90.8211958655309,116,HIGH
DT-211,0,61.32612563722358,97.34305656702156,63,HIGH
DT-211,1,59.88286670478901,95.05216937268098,63,HIGH
DT-211,2,58.620072493116425,93.04773411605781,63,HIGH
DT-211,3,59.24228134588424,94.03536721568926,63,HIGH
DT-211,4,58.71059172853699,93.1914154421222,63,HIGH
DT-211,5,60.77050450381359,96.46111826002158,63,HIGH
DT-211,6,68.5102282014152,108.74639397050032,63,CRITICAL
DT-211,7,71.39353219849407,113.32306698173662,63,CRITICAL
DT-211,8,62.37516294090309,99.00819514429062,63,HIGH
DT-211,9,59.010069861686276,93.66677755823218,63,HIGH
DT-211,10,64.88840558393629,102.99746918085125,63,CRITICAL
DT-211,11,69.77591705571919,110.75542389796698,63,CRITICAL
DT-211,12,62.24635653426287,98.80374053057598,63,HIGH
DT-211,13,60.58535442463186,96.1672292454474,63,HIGH
DT-211,14,66.73882044016914,105.9346356193161,63,CRITICAL
DT-211,15,60.947135953792085,96.74148564093981,63,HIGH
DT-211,16,65.61339442733534,104.1482451227545,63,CRITICAL
DT-211,17,60.27664311481849,95.67721129336267,63,HIGH
DT-211,18,62.07809935592881,98.53666564433145,63,HIGH
DT-211,19,61.362497895221765,97.40079030987582,63,HIGH
DT-211,20,60.14168592669789,95.4629935344411,63,HIGH
DT-211,21,52.798880593935415,83.80774697450066,63,SAFE
DT-211,22,126.269029585911,200.4270310887476,63,CRITICAL
DT-211,23,63.15846616101107,100.25153358890647,63,CRITICAL
DT-212,0,145.6400956418972,73.18597770949609,199,SAFE
DT-212,1,147.19885445170706,73.96927359382265,199,SAFE
DT-212,2,144.64952201343644,72.68820201680222,199,SAFE
DT-212,3,147.25139398423963,73.99567536896464,199,SAFE
DT-212,4,153.73756237968755,77.2550564722048,199,SAFE
DT-212,5,151.45310869026267,76.10708979410184,199,SAFE
DT-212,6,158.6391318364297,79.71815670172347,199,SAFE
DT-212,7,157.00706934634022,78.89802479715588,199,SAFE
DT-212,8,161.93857568372837,81.37616868529064,199,SAFE
DT-212,9,160.65037095204573,80.72882962414359,199,SAFE
DT-212,10,156.48628097569554,78.63632209833946,199,SAFE
DT-212,11,154.9566567266401,77.86766669680406,199,SAFE
DT-212,12,156.04733391702592,78.4157456869477,199,SAFE
DT-212,13,152.21800712278142,76.4914608657193,199,SAFE
DT-212,14,153.07718738113314,76.92320973926289,199,SAFE
DT-212,15,151.87187147711586,76.3175233553346,199,SAFE
DT-212,16,153.52733123320195,77.14941268000098,199,SAFE
DT-212,17,150.78475747893498,75.77123491403768,199,SAFE
DT-212,18,141.8724767913229,71.29270190518739,199,SAFE
DT-212,19,138.24365381868847,69.46917277321029,199,SAFE
DT-212,20,136.1262634643035,68.40515751975049,199,SAFE
DT-212,21,126.72546685681334,63.68113912402681,199,SAFE
DT-212,22,139.25063728652313,69.97519461634327,199,SAFE
DT-212,23,149.45625868836058,75.10364758209074,199,SAFE
DT-213,0,66.7454026700913,96.73246763781347,69,HIGH
DT-213,1,65.46647111331104,94.87894364247977,69,HIGH
DT-213,2,64.84480639916666,93.97798028864733,69,HIGH
DT-213,3,74.4529488195476,107.90282437615595,69,CRITICAL
DT-213,4,73.48518825106632,106.50027282763234,69,CRITICAL
DT-213,5,66.28126632877132,96.05980627358163,69,HIGH
DT-213,6,75.00247715871846,108.69924225901227,69,CRITICAL
DT-213,7,76.24242407556885,110.49626677618674,69,CRITICAL
DT-213,8,73.51785361531414,106.54761393523788,69,CRITICAL
DT-213,9,68.69581486469843,99.55915197782382,69,HIGH
DT-213,10,66.5937863021894,96.51273377128899,69,HIGH
DT-213,11,70.63021210812767,102.36262624366327,69,CRITICAL
DT-213,12,66.6431456857105,96.58426910972535,69,HIGH
DT-213,13,75.86135176615889,109.94398806689694,69,CRITICAL
DT-213,14,71.23583640283579,103.24034261280549,69,CRITICAL
DT-213,15,71.5102988729345,103.63811430860072,69,CRITICAL
DT-213,16,66.55137790015237,96.45127231906142,69,HIGH
DT-213,17,63.911294242509264,92.62506411957865,69,HIGH
DT-213,18,70.567150077238,102.2712319959971,69,CRITICAL
DT-213,19,71.49512264641795,103.61611977741732,69,CRITICAL
DT-213,20,74.75901657870682,108.34640083870553,69,CRITICAL
DT-213,21,71.53407582761238,103.67257366320636,69,CRITICAL
DT-213,22,127.63915197839489,184.98427822955782,69,CRITICAL
DT-213,23,68.71773458760248,99.59091969217751,69,HIGH
DT-214,0,81.51062886212496,81.51062886212496,100,SAFE
DT-214,1,81.19193453253351,81.19193453253351,100,SAFE
DT-214,2,80.1847874712314,80.1847874712314,100,SAFE
DT-214,3,80.26818597260345,80.26818597260345,100,SAFE
DT-214,4,79.73796655323292,79.73796655323292,100,SAFE
DT-214,5,80.9201397238888,80.9201397238888,100,SAFE
DT-214,6,83.91335513323989,83.91335513323989,100,SAFE
DT-214,7,96.03663527492348,96.03663527492348,100,HIGH
DT-214,8,88.02464264991386,88.02464264991386,100,HIGH
DT-214,9,90.12644697809364,90.12644697809364,100,HIGH
DT-214,10,86.62869705389534,86.62869705389534,100,HIGH
DT-214,11,87.59193234483485,87.59193234483485,100,HIGH
DT-214,12,88.15046597841743,88.15046597841743,100,HIGH
DT-214,13,86.76012404988964,86.76012404988964,100,HIGH
DT-214,14,80.00206323826595,80.00206323826595,100,SAFE
DT-214,15,86.51281715800792,86.51281715800793,100,HIGH
DT-214,16,85.99152147161902,85.99152147161902,100,HIGH
DT-214,17,80.24336779651246,80.24336779651246,100,SAFE
DT-214,18,89.3376836651972,89.3376836651972,100,HIGH
DT-214,19,91.68943298283052,91.68943298283052,100,HIGH
DT-214,20,88.5104412188681,88.5104412188681,100,HIGH
DT-214,21,68.75353034364585,68.75353034364585,100,SAFE
DT-214,22,133.03900745904537,133.03900745904537,100,CRITICAL
DT-214,23,84.49373894939657,84.49373894939657,100,SAFE
DT-215,0,158.54097053605275,83.00574373615328,191,SAFE
DT-215,1,159.3834454421851,83.44683007444246,191,SAFE
DT-215,2,161.19007811609015,84.39271105554458,191,SAFE
DT-215,3,159.64339461031403,83.58292911534765,191,SAFE
DT-215,4,160.64382804800283,84.10671625549887,191,SAFE
DT-215,5,161.23804995218862,84.41782720009876,191,SAFE
DT-215,6,165.29156783021466,86.54008786922233,191,HIGH
DT-215,7,170.76334747114933,89.40489396395252,191,HIGH
DT-215,8,170.84750878244762,89.44895747772127,191,HIGH
DT-215,9,164.45902622539666,86.10420221224956,191,HIGH
DT-215,10,159.15979630265406,83.32973628411207,191,SAFE
DT-215,11,159.58334983365054,83.5514920595029,191,SAFE
DT-215,12,164.66597661736765,86.21255320281028,191,HIGH
DT-215,13,167.90019237511,87.90585988225655,191,HIGH
DT-215,14,168.720379047013,88.33527698796493,191,HIGH
DT-215,15,162.82818458119212,85.25035841947232,191,HIGH
DT-215,16,164.42898865753233,86.08847573692792,191,HIGH
DT-215,17,159.01384583399528,83.25332242617553,191,SAFE
DT-215,18,153.7661828355397,80.50585488771712,191,SAFE
DT-215,19,148.58561129482132,77.79351376692216,191,SAFE
DT-215,20,156.04719358788944,81.70010135491593,191,SAFE
DT-215,21,136.79883396090642,71.62242615754262,191,SAFE
DT-215,22,142.7396470913686,74.73279952427674,191,SAFE
DT-215,23,152.0840203629792,79.62514155129801,191,SAFE
DT-216,0,103.61448841317369,73.48545277530049,141,SAFE
DT-216,1,109.26480266974498,77.49276785088297,141,SAFE
DT-216,2,107.88808467036249,76.51637210664006,141,SAFE
DT-216,3,106.38394444839699,75.44960599177092,141,SAFE
DT-216,4,110.60217821939999,78.44126114851063,141,SAFE
DT-216,5,106.45431121995082,75.49951150351123,141,SAFE
DT-216,6,107.6749893636057,76.3652406834083,141,SAFE
DT-216,7,125.21794790066642,88.80705524869958,141,HIGH
DT-216,8,113.01105585790205,80.14968500560428,141,SAFE
DT-216,9,118.13292020091276,83.78221290844877,141,SAFE
DT-216,10,102.30939610122701,72.55985539094114,141,SAFE
DT-216,11,112.68580752951608,79.91901243228091,141,SAFE
DT-216,12,110.73696447780321,78.53685423957674,141,SAFE
DT-216,13,119.46831070635903,84.72929837330429,141,SAFE
DT-216,14,125.40880960966066,88.9424181628799,141,HIGH
DT-216,15,109.02263325241056,77.32101649107132,141,SAFE
DT-216,16,106.72557953511412,75.69190037951356,141,SAFE
DT-216,17,105.08302646600454,74.52696912482591,141,SAFE
DT-216,18,102.25714928854947,72.52280091386487,141,SAFE
DT-216,19,102.36060891636359,72.59617653642808,141,SAFE
DT-216,20,95.26643295106396,67.56484606458437,141,SAFE
DT-216,21,96.14245215791155,68.18613628220677,141,SAFE
DT-216,22,144.53336469212087,102.50593240575948,141,CRITICAL
DT-216,23,109.14972704038377,77.41115392935019,141,SAFE
DT-217,0,112.41469888530162,94.46613351706019,119,HIGH
DT-217,1,110.99733003985669,93.27506726038378,119,HIGH
DT-217,2,120.6212201598727,101.36236988224597,119,CRITICAL
DT-217,3,104.22212669117368,87.58161906821319,119,HIGH
DT-217,4,105.95804299433667,89.04037226414846,119,HIGH
DT-217,5,104.79845856834328,88.06593157003637,119,HIGH
DT-217,6,109.81580217455712,92.2821867013085,119,HIGH
DT-217,7,118.97732746462418,99.98094744926401,119,HIGH
DT-217,8,127.38174824855477,107.04348592315527,119,CRITICAL
DT-217,9,118.18900898576146,99.31849494601803,119,HIGH
DT-217,10,114.16505047429405,95.93701720528911,119,HIGH
DT-217,11,110.394468485315,92.76846091202943,119,HIGH
DT-217,12,119.81004068579068,100.68070645864763,119,CRITICAL
DT-217,13,123.28492641280434,103.60077849815491,119,CRITICAL
DT-217,14,118.30057665986993,99.41224929400835,119,HIGH
DT-217,15,120.27947832065652,101.07519186609792,119,CRITICAL
DT-217,16,106.07264801228945,89.13667900192391,119,HIGH
DT-217,17,112.19022482146435,94.27749984997006,119,HIGH
DT-217,18,110.03893847239137,92.46969619528686,119,HIGH
DT-217,19,102.08566581184053,85.78627379146263,119,HIGH
DT-217,20,100.45930256618053,84.419581988387,119,SAFE
DT-217,21,88.39591691454845,74.28228312146929,119,SAFE
DT-217,22,135.87587572320382,114.18140817075951,119,CRITICAL
DT-217,23,122.74708674419807,103.14881239008241,119,CRITICAL
DT-218,0,60.27541702557472,98.81215905831921,61,HIGH
DT-218,1,63.267442113704284,103.71711821918736,61,CRITICAL
DT-218,2,61.824849426933426,101.35221217530069,61,CRITICAL
DT-218,3,60.335255754123935,98.9102553346294,61,HIGH
DT-218,4,63.86874844288562,104.70286629981248,61,CRITICAL
DT-218,5,62.66287162112252,102.72601905102053,61,CRITICAL
DT-218,6,64.09602942476656,105.0754580733878,61,CRITICAL
DT-218,7,66.42459503769047,108.89277875031225,61,CRITICAL
DT-218,8,76.68537990613557,125.71373755104192,61,CRITICAL
DT-218,9,64.48386613586585,105.71125596043584,61,CRITICAL
DT-218,10,64.44650075286565,105.65000123420599,61,CRITICAL
DT-218,11,71.38334501410175,117.02187707229795,61,CRITICAL
DT-218,12,68.74266237015871,112.69288913140772,61,CRITICAL
DT-218,13,65.09221813073822,106.7085543126856,61,CRITICAL
DT-218,14,76.10071925154921,124.75527746155608,61,CRITICAL
DT-218,15,60.78427893771281,99.6463589142833,61,HIGH
DT-218,16,62.30963178135389,102.14693734648179,61,CRITICAL
DT-218,17,65.22126880123936,106.92011278891698,61,CRITICAL
DT-218,18,66.18036386623004,108.49239978070497,61,CRITICAL
DT-218,19,66.25115139704718,108.6084449131921,61,CRITICAL
DT-218,20,66.34488241432697,108.76210231856881,61,CRITICAL
DT-218,21,61.722312223014015,101.18411839838363,61,CRITICAL
DT-218,22,121.30475803943398,198.86025908103932,61,CRITICAL
DT-218,23,63.86187292021278,104.6915949511685,61,CRITICAL
DT-219,0,121.6475265113354,92.15721705404196,132,HIGH
DT-219,1,126.63440764996582,95.93515731058017,132,HIGH
DT-219,2,112.54673097451831,85.26267498069569,132,HIGH
DT-219,3,125.27419247349974,94.90469126780283,132,HIGH
DT-219,4,131.52088208776317,99.63703188466907,132,HIGH
DT-219,5,123.94216960058188,93.89558303074385,132,HIGH
DT-219,6,124.78821017385812,94.53652285898342,132,HIGH
DT-219,7,132.88803986320116,100.67275747212209,132,CRITICAL
DT-219,8,131.2896945873194,99.46188983887832,132,HIGH
DT-219,9,138.66038145642585,105.04574352759535,132,CRITICAL
DT-219,10,121.47500472089925,92.02651872795398,132,HIGH
DT-219,11,119.89600735912947,90.83030860540111,132,HIGH
DT-219,12,131.2254489583864,99.41321890786848,132,HIGH
DT-219,13,131.23860742961418,99.42318744667742,132,HIGH
DT-219,14,119.54395092790583,90.56359918780744,132,HIGH
DT-219,15,131.30531271576152,99.47372175436479,132,HIGH
DT-219,16,127.54553955939033,96.62540875711389,132,HIGH
DT-219,17,116.30638269441576,88.110895980618,132,HIGH
DT-219,18,128.16514607096934,97.09480762952224,132,HIGH
DT-219,19,126.67022387231663,95.96229081236108,132,HIGH
DT-219,20,125.32104707030336,94.94018717447224,132,HIGH
DT-219,21,106.21643779544442,80.46699832988213,132,SAFE
DT-219,22,132.92100372175693,100.6977300922401,132,CRITICAL
DT-219,23,124.55542357806371,94.36016937732099,132,HIGH
DT-220,0,67.0079452795785,94.37738771771618,71,HIGH
DT-220,1,67.02244481987013,94.39780960545089,71,HIGH
DT-220,2,68.23035922292311,96.09909749707481,71,HIGH
DT-220,3,69.02845801114121,97.22318029738199,71,HIGH
DT-220,4,62.895334194199215,88.58497773830875,71,HIGH
DT-220,5,75.81018734854572,106.7749117585151,71,CRITICAL
DT-220,6,71.58564920580031,100.82485803633847,71,CRITICAL
DT-220,7,72.77187338808686,102.4955963212491,71,CRITICAL
DT-220,8,90.58047294541663,127.5781309090375,71,CRITICAL
DT-220,9,79.43583475569358,111.88145740238532,71,CRITICAL
DT-220,10,67.88546684629844,95.61333358633583,71,HIGH
DT-220,11,67.92847407102762,95.67390714229242,71,HIGH
DT-220,12,71.04859961461625,100.06845016143134,71,CRITICAL
DT-220,13,74.66751958265176,105.16552053894615,71,CRITICAL
DT-220,14,71.06618115307765,100.09321289165867,71,CRITICAL
DT-220,15,65.83765037364283,92.72908503329975,71,HIGH
DT-220,16,79.27506256108755,111.65501769167261,71,CRITICAL
DT-220,17,69.62342685432347,98.06116458355419,71,HIGH
DT-220,18,66.98280339201531,94.34197660847227,71,HIGH
DT-220,19,68.97837508305665,97.1526409620516,71,HIGH
DT-220,20,64.00375395283118,90.14613232793123,71,HIGH
DT-220,21,62.64015006493125,88.22556347173415,71,HIGH
DT-220,22,120.13849141188115,169.2091428336354,71,CRITICAL
DT-220,23,76.1684887038225,107.27956155467959,71,CRITICAL
DT-221,0,61.32700770304622,78.62436885005926,78,SAFE
DT-221,1,67.60102784205493,86.66798441289095,78,HIGH
DT-221,2,66.7834455281737,85.61980195919705,78,HIGH
DT-221,3,63.535113049585455,81.45527314049417,78,SAFE
DT-221,4,63.87099916095834,81.885896360203,78,SAFE
DT-221,5,73.32195796640138,94.00251021333511,78,HIGH
DT-221,6,65.43041287811346,83.88514471553007,78,SAFE
DT-221,7,71.32962099656511,91.44823204687835,78,HIGH
DT-221,8,70.60791252368301,90.52296477395258,78,HIGH
DT-221,9,69.24555149722852,88.77634807336989,78,HIGH
DT-221,10,66.31754326627379,85.02249136701768,78,HIGH
DT-221,11,74.83606041803844,95.94366720261338,78,HIGH
DT-221,12,71.76343821127391,92.00440796317167,78,HIGH
DT-221,13,69.84826752331226,89.54906092732341,78,HIGH
DT-221,14,67.18143469750773,86.13004448398426,78,HIGH
DT-221,15,79.01443571523149,101.30055860927114,78,CRITICAL
DT-221,16,81.11909589304156,103.99884088851482,78,CRITICAL
DT-221,17,76.46692192010974,98.03451528219198,78,HIGH
DT-221,18,79.02566255487181,101.31495199342541,78,CRITICAL
DT-221,19,68.23859151735526,87.48537374019905,78,HIGH
DT-221,20,70.501122692933,90.38605473452948,78,HIGH
DT-221,21,61.1085894515847,78.34434545074961,78,SAFE
DT-221,22,123.41573538334546,158.22530177351982,78,CRITICAL
DT-221,23,72.70883543956137,93.21645569174535,78,HIGH
DT-222,0,155.2805983619719,78.03045143817683,199,SAFE
DT-222,1,151.5808120591417,76.17126234127724,199,SAFE
DT-222,2,155.98255014596504,78.38319102812314,199,SAFE
DT-222,3,155.56996419943718,78.17586140675235,199,SAFE
DT-222,4,152.72506434346047,76.74626348917612,199,SAFE
DT-222,5,161.71688807583547,81.26476787730425,199,SAFE
DT-222,6,155.5249743043214,78.15325341925698,199,SAFE
DT-222,7,163.99564610403888,82.4098724140899,199,SAFE
DT-222,8,165.70937679123764,83.27104361368725,199,SAFE
DT-222,9,164.54206385635408,82.6844541991729,199,SAFE
DT-222,10,150.9336277222234,75.8460440815193,199,SAFE
DT-222,11,159.9397183511841,80.37171776441411,199,SAFE
DT-222,12,151.14990724605056,75.95472725932188,199,SAFE
DT-222,13,158.42342255627585,79.60976007853058,199,SAFE
DT-222,14,163.9674997756199,82.39572853046226,199,SAFE
DT-222,15,156.9475547459269,78.86811796277733,199,SAFE
DT-222,16,156.46458368488248,78.62541893712688,199,SAFE
DT-222,17,149.0049196599764,74.8768440502394,199,SAFE
DT-222,18,160.75936707596358,80.78360154571034,199,SAFE
DT-222,19,150.60010961678938,75.67844704361275,199,SAFE
DT-222,20,154.91943347311326,77.84896154427803,199,SAFE
DT-222,21,133.61125778123028,67.14133556845742,199,SAFE
DT-222,22,136.95999464237457,68.824117910741,199,SAFE
DT-222,23,145.19324804291975,72.96143117734661,199,SAFE
DT-223,0,96.72271217751364,80.60226014792804,120,SAFE
DT-223,1,96.0702414916694,80.05853457639117,120,SAFE
DT-223,2,94.52416274876039,78.770135623967,120,SAFE
DT-223,3,91.64421941959193,76.37018284965994,120,SAFE
DT-223,4,94.09437902066222,78.41198251721852,120,SAFE
DT-223,5,91.66314745244236,76.38595621036863,120,SAFE
DT-223,6,104.41903804792956,87.01586503994129,120,HIGH
DT-223,7,102.30817961930498,85.25681634942082,120,HIGH
DT-223,8,104.70197098265251,87.25164248554375,120,HIGH
DT-223,9,98.40767788979426,82.0063982414952,120,SAFE
DT-223,10,88.84203619996907,74.0350301666409,120,SAFE
DT-223,11,100.6651907056934,83.88765892141117,120,SAFE
DT-223,12,104.55284094265464,87.1273674522122,120,HIGH
DT-223,13,97.87095059116973,81.55912549264144,120,SAFE
DT-223,14,103.20767875778486,86.00639896482072,120,HIGH
DT-223,15,106.14232030891449,88.45193359076208,120,HIGH
DT-223,16,97.42912845346643,81.1909403778887,120,SAFE
DT-223,17,92.4570095604536,77.04750796704467,120,SAFE
DT-223,18,99.3672951599896,82.80607929999132,120,SAFE
DT-223,19,97.36167848220293,81.13473206850244,120,SAFE
DT-223,20,99.44261648851354,82.86884707376129,120,SAFE
DT-223,21,95.98936184793084,79.9911348732757,120,SAFE
DT-223,22,132.19547008158497,110.16289173465414,120,CRITICAL
DT-223,23,102.20391609983133,85.16993008319278,120,HIGH
DT-224,0,107.49895638284399,82.06027204797252,131,SAFE
DT-224,1,108.65297791377544,82.9412045143324,131,SAFE
DT-224,2,108.64082832019207,82.9319300154138,131,SAFE
DT-224,3,102.60547404662671,78.32478934857001,131,SAFE
DT-224,4,100.65228918768398,76.83380854021678,131,SAFE
DT-224,5,112.56430377176923,85.92694944409865,131,HIGH
DT-224,6,111.42474302306064,85.05705574279438,131,HIGH
DT-224,7,120.29946646878278,91.83165379296395,131,HIGH
DT-224,8,119.42141939350574,91.16138885000439,131,HIGH
DT-224,9,110.48109117917363,84.33671082379666,131,SAFE
DT-224,10,105.09891628890371,80.22818037320894,131,SAFE
DT-224,11,106.20206177266007,81.07027616233593,131,SAFE
DT-224,12,108.09134530047086,82.51247732860371,131,SAFE
DT-224,13,109.72732938182043,83.76132013879422,131,SAFE
DT-224,14,107.41175557949936,81.99370654923615,131,SAFE
DT-224,15,108.46125713505579,82.79485277485175,131,SAFE
DT-224,16,103.50468988559672,79.01121365312727,131,SAFE
DT-224,17,105.07545988367161,80.21027472036,131,SAFE
DT-224,18,99.28060805910366,75.78672370923942,131,SAFE
DT-224,19,98.39713690000842,75.11231824428124,131,SAFE
DT-224,20,96.42800501912579,73.60916413673725,131,SAFE
DT-224,21,90.03087364820169,68.72585774671884,131,SAFE
DT-224,22,136.2419434552589,104.00148355363275,131,CRITICAL
DT-224,23,110.96848571432241,84.7087677208568,131,SAFE
DT-225,0,100.40073977476844,96.53917286035427,104,HIGH
DT-225,1,105.0912843012294,101.04931182810517,104,CRITICAL
DT-225,2,96.66005943660562,92.94236484289003,104,HIGH
DT-225,3,94.13195971291577,90.51149972395748,104,HIGH
DT-225,4,94.87624795123881,91.22716149157577,104,HIGH
DT-225,5,100.25603084087977,96.40002965469209,104,HIGH
DT-225,6,97.01648608216229,93.28508277130989,104,HIGH
DT-225,7,109.59103627944637,105.3759964225446,104,CRITICAL
DT-225,8,115.63885354794255,111.19120533456014,104,CRITICAL
DT-225,9,102.43731136386546,98.49741477294756,104,HIGH
DT-225,10,98.5383651251577,94.74842800495932,104,HIGH
DT-225,11,104.41171324384369,100.39587811908048,104,CRITICAL
DT-225,12,109.74450184697567,105.52355946824584,104,CRITICAL
DT-225,13,106.15464214990055,102.0717712979813,104,CRITICAL
DT-225,14,99.15193126340527,95.338395445582,104,HIGH
DT-225,15,106.81710588686948,102.70875566045143,104,CRITICAL
DT-225,16,102.03073675124782,98.1064776454306,104,HIGH
DT-225,17,102.49412839998496,98.55204653844709,104,HIGH
DT-225,18,108.36067294177627,104.19295475170794,104,CRITICAL
DT-225,19,110.05201175022,105.81924206751924,104,CRITICAL
DT-225,20,108.3067964148886,104.14115039893134,104,CRITICAL
DT-225,21,107.03012045396063,102.91357735957753,104,CRITICAL
DT-225,22,131.99223876157316,126.91561419382036,104,CRITICAL
DT-225,23,103.49668704740229,99.51604523788681,104,HIGH
DT-226,0,64.16351628826467,95.76644222129056,67,HIGH
DT-226,1,67.76480629089724,101.1415019267123,67,CRITICAL
DT-226,2,80.29137373819927,119.8378712510437,67,CRITICAL
DT-226,3,68.19179282322007,101.77879525853741,67,CRITICAL
DT-226,4,62.43148029633372,93.18131387512496,67,HIGH
DT-226,5,62.09231699016195,92.67509998531634,67,HIGH
DT-226,6,73.81604766848625,110.1732054753526,67,CRITICAL
DT-226,7,69.8644619334622,104.27531631860029,67,CRITICAL
DT-226,8,72.62141528771888,108.3901720712222,67,CRITICAL
DT-226,9,74.23955758672437,110.8053098309319,67,CRITICAL
DT-226,10,76.07190453383744,113.5401560206529,67,CRITICAL
DT-226,11,66.73481995558606,99.60420888893442,67,HIGH
DT-226,12,73.95828539046181,110.38550058277882,67,CRITICAL
DT-226,13,67.04597658546834,100.06862176935573,67,CRITICAL
DT-226,14,65.47678438132489,97.72654385272371,67,HIGH
DT-226,15,69.85177107704305,104.2563747418553,67,CRITICAL
DT-226,16,65.61751819888231,97.93659432669001,67,HIGH
DT-226,17,63.96023162345971,95.46303227382047,67,HIGH
DT-226,18,66.69656512477535,99.54711212653037,67,HIGH
DT-226,19,62.6544407225188,93.51409063062508,67,HIGH
DT-226,20,60.30311405738197,90.00464784683876,67,HIGH
DT-226,21,58.794086100685384,87.7523673144558,67,HIGH
DT-226,22,125.82391752009647,187.7968918210395,67,CRITICAL
DT-226,23,62.39629988930382,93.12880580493108,67,HIGH
DT-227,0,149.75303758695102,76.0167703487061,197,SAFE
DT-227,1,144.5332256414417,73.36711961494503,197,SAFE
DT-227,2,144.3599016924739,73.27913791496137,197,SAFE
DT-227,3,137.63497720628146,69.86547066308704,197,SAFE
DT-227,4,142.11244102118766,72.13829493461303,197,SAFE
DT-227,5,137.33664502852193,69.71403300940199,197,SAFE
DT-227,6,145.15235966539493,73.68140084537814,197,SAFE
DT-227,7,149.87691184182177,76.0796506811278,197,SAFE
DT-227,8,156.59485612656934,79.48977468353773,197,SAFE
DT-227,9,151.3453666819923,76.82505922943771,197,SAFE
DT-227,10,139.73492960297474,70.93143634668769,197,SAFE
DT-227,11,150.8300225779947,76.56346323756075,197,SAFE
DT-227,12,145.90876342449837,74.06536214441542,197,SAFE
DT-227,13,147.90223689744377,75.07727761291562,197,SAFE
DT-227,14,157.03462579360664,79.7130080170592,197,SAFE
DT-227,15,145.82099041209216,74.02080731578282,197,SAFE
DT-227,16,147.8399492989008,75.04565954258923,197,SAFE
DT-227,17,146.67679542920985,74.4552261061979,197,SAFE
DT-227,18,136.75967942429477,69.42115706816993,197,SAFE
DT-227,19,131.5445691406746,66.77389296480945,197,SAFE
DT-227,20,126.83688317836956,64.38420465907083,197,SAFE
DT-227,21,118.03523440503918,59.91636264215187,197,SAFE
DT-227,22,134.34398756441033,68.19491754538595,197,SAFE
DT-227,23,136.6133847096292,69.34689579168996,197,SAFE
DT-228,0,169.83233104378874,87.09350309937884,195,HIGH
DT-228,1,170.05383807237732,87.20709644737299,195,HIGH
DT-228,2,168.39525469090512,86.35654086713083,195,HIGH
DT-228,3,170.7445235813843,87.56129414429965,195,HIGH
DT-228,4,170.8022350571245,87.59088977288435,195,HIGH
DT-228,5,175.2870036437849,89.89077109937688,195,HIGH
DT-228,6,169.8974912399059,87.12691858456714,195,HIGH
DT-228,7,176.815506350941,90.6746186415082,195,HIGH
DT-228,8,176.4381307467021,90.48109269061645,195,HIGH
DT-228,9,170.99095904216162,87.68767130367263,195,HIGH
DT-228,10,173.35286379919552,88.89890451240795,195,HIGH
DT-228,11,173.78844473379326,89.1222793506632,195,HIGH
DT-228,12,176.04888012906218,90.28147698926267,195,HIGH
DT-228,13,176.14476656713,90.33064952160512,195,HIGH
DT-228,14,172.9155428344478,88.67463735099888,195,HIGH
DT-228,15,171.2557699871751,87.82347178829494,195,HIGH
DT-228,16,171.35911647454964,87.87646998694852,195,HIGH
DT-228,17,170.62037956556637,87.49763054644428,195,HIGH
DT-228,18,163.45848661347648,83.82486492998794,195,SAFE
DT-228,19,154.44110575895303,79.20056705587335,195,SAFE
DT-228,20,155.96592560020403,79.98252594882258,195,SAFE
DT-228,21,142.55948377447268,73.10742757665265,195,SAFE
DT-228,22,154.7354415045417,79.35150846386755,195,SAFE
DT-228,23,162.50510137750032,83.33594942435914,195,SAFE
DT-229,0,64.215509459225,83.39676553146104,77,SAFE
DT-229,1,63.25734356392563,82.15239423886446,77,SAFE
DT-229,2,74.3770613686355,96.5935861930331,77,HIGH
DT-229,3,60.86882388057178,79.0504206241192,77,SAFE
DT-229,4,64.57471048689204,83.86326037258708,77,SAFE
DT-229,5,59.7865536743113,77.64487490170299,77,SAFE
DT-229,6,62.77110928879109,81.52092115427413,77,SAFE
DT-229,7,72.09209951441629,93.62610326547569,77,HIGH
DT-229,8,72.23936489203265,93.81735700263981,77,HIGH
DT-229,9,62.9793893744868,81.79141477206078,77,SAFE
DT-229,10,61.56137885275855,79.9498426659202,77,SAFE
DT-229,11,67.48095382890772,87.63760237520482,77,HIGH
DT-229,12,72.58612492304296,94.2676947052506,77,HIGH
DT-229,13,68.63224861910602,89.13279041442341,77,HIGH
DT-229,14,66.73050898047921,86.66299867594704,77,HIGH
DT-229,15,67.0448361825714,87.07121582152129,77,HIGH
DT-229,16,65.0351381828491,84.46121841928453,77,SAFE
DT-229,17,64.207276247337,83.38607304848962,77,SAFE
DT-229,18,59.761620023183006,77.6124935366013,77,SAFE
DT-229,19,62.003476856490025,80.52399591751951,77,SAFE
DT-229,20,69.06673650898904,89.69706040128446,77,HIGH
DT-229,21,57.873171636034854,75.15996316368164,77,SAFE
DT-229,22,125.2456170365538,162.6566455020179,77,CRITICAL
DT-229,23,65.12743032924952,84.5810783496747,77,SAFE
DT-230,0,151.2319337363011,85.4417704724865,177,HIGH
DT-230,1,159.54855027599262,90.1404238847416,177,HIGH
DT-230,2,158.40267528281328,89.49303688294535,177,HIGH
DT-230,3,160.8190018856333,90.85819315572503,177,HIGH
DT-230,4,153.89256689593503,86.94495304855087,177,HIGH
DT-230,5,154.81584622479437,87.46657978801942,177,HIGH
DT-230,6,157.073044119676,88.74183283597515,177,HIGH
DT-230,7,167.71944394957967,94.7567479941128,177,HIGH
DT-230,8,168.74871290268288,95.33825587722197,177,HIGH
DT-230,9,165.7262100296708,93.63062713540724,177,HIGH
DT-230,10,162.16560662212083,91.61898679215867,177,HIGH
DT-230,11,161.74312515046776,91.38029669517952,177,HIGH
DT-230,12,160.35878839099186,90.59818553163382,177,HIGH
DT-230,13,165.4680948356698,93.48479934218632,177,HIGH
DT-230,14,162.03622940331343,91.54589231825618,177,HIGH
DT-230,15,166.03912302500922,93.80741413842328,177,HIGH
DT-230,16,162.50339521442305,91.80982780475878,177,HIGH
DT-230,17,150.68677447278878,85.13377088858124,177,HIGH
DT-230,18,155.59872515767742,87.90888426987425,177,HIGH
DT-230,19,165.19075864123965,93.32811222668907,177,HIGH
DT-230,20,162.29478231272793,91.69196740832086,177,HIGH
DT-230,21,137.8684803740589,77.8917968215022,177,SAFE
DT-230,22,165.34037907704587,93.4126435463536,177,HIGH
DT-230,23,153.72741327251282,86.85164591667392,177,HIGH
DT-231,0,87.81314937268384,79.11094538079625,111,SAFE
DT-231,1,91.62709831836963,82.54693542195461,111,SAFE
DT-231,2,87.47806985945573,78.80907194545561,111,SAFE
DT-231,3,88.16755887282108,79.43023321875773,111,SAFE
DT-231,4,88.31944473800776,79.56706733153852,111,SAFE
DT-231,5,88.19568062963491,79.45556813480621,111,SAFE
DT-231,6,87.12922923735906,78.49480111473788,111,SAFE
DT-231,7,96.5553985324655,86.98684552474369,111,HIGH
DT-231,8,103.14705641603754,92.92527605048427,111,HIGH
DT-231,9,102.19644176458276,92.06886645457907,111,HIGH
DT-231,10,96.47306617001095,86.9126722252351,111,HIGH
DT-231,11,88.50140584532701,79.73099625705136,111,SAFE
DT-231,12,88.95517230963893,80.13979487354858,111,SAFE
DT-231,13,91.20054972183502,82.16265740705857,111,SAFE
DT-231,14,92.60205500260332,83.42527477712011,111,SAFE
DT-231,15,100.06931706100903,90.15253789280092,111,HIGH
DT-231,16,95.04580535752459,85.62685167344557,111,HIGH
DT-231,17,90.70405763473059,81.71536723849603,111,SAFE
DT-231,18,96.0241219937123,86.50821801235342,111,HIGH
DT-231,19,96.0924365439621,86.56976265221812,111,HIGH
DT-231,20,92.38797212237192,83.23240731745219,111,SAFE
DT-231,21,88.5896950316639,79.81053606456206,111,SAFE
DT-231,22,129.73193746584337,116.87561933859763,111,CRITICAL
DT-231,23,100.06377121467366,90.14754163484115,111,HIGH
DT-232,0,57.22036761748845,105.96364373608971,54,CRITICAL
DT-232,1,58.741887874240824,108.7812738411867,54,CRITICAL
DT-232,2,59.09786146313115,109.44048419098363,54,CRITICAL
DT-232,3,57.372320585135455,106.24503812062122,54,CRITICAL
DT-232,4,56.44624982469047,104.5300922679453,54,CRITICAL
DT-232,5,58.140792791820395,107.6681347996674,54,CRITICAL
DT-232,6,57.155106735796714,105.8427902514754,54,CRITICAL
DT-232,7,59.81864160327052,110.77526222827873,54,CRITICAL
DT-232,8,62.787306626942176,116.27279004989292,54,CRITICAL
DT-232,9,62.200838252767596,115.18673750512518,54,CRITICAL
DT-232,10,65.0744501500612,120.50824101863184,54,CRITICAL
DT-232,11,63.25755996515627,117.1436295651042,54,CRITICAL
DT-232,12,60.62381075095694,112.26631620547583,54,CRITICAL
DT-232,13,67.15299454687889,124.35739730903498,54,CRITICAL
DT-232,14,60.41443832164519,111.87858948452813,54,CRITICAL
DT-232,15,60.960304054958115,112.88945195362614,54,CRITICAL
DT-232,16,63.24331264427572,117.11724563754763,54,CRITICAL
DT-232,17,60.53089084209697,112.09424230017957,54,CRITICAL
DT-232,18,62.16401376302691,115.11854400560539,54,CRITICAL
DT-232,19,56.229654352014514,104.12898954076762,54,CRITICAL
DT-232,20,57.071730642905095,105.68839007945388,54,CRITICAL
DT-232,21,48.43010249805351,89.6853749963954,54,HIGH
DT-232,22,107.35196988892821,198.79994423875596,54,CRITICAL
DT-232,23,58.31650270271183,107.99352352354043,54,CRITICAL
DT-233,0,58.77992454669449,104.96415097624016,56,CRITICAL
DT-233,1,58.93963991773022,105.24935699594683,56,CRITICAL
DT-233,2,56.6021677843576,101.07529961492428,56,CRITICAL
DT-233,3,53.648859312000894,95.80153448571589,56,HIGH
DT-233,4,54.65362822041071,97.59576467930484,56,HIGH
DT-233,5,53.83715007061125,96.13776798323438,56,HIGH
DT-233,6,53.7890692318165,96.05190934252947,56,HIGH
DT-233,7,55.95263544642958,99.91542044005283,56,HIGH
DT-233,8,55.95542831503052,99.92040770541163,56,HIGH
DT-233,9,58.372055748993965,104.23581383748922,56,CRITICAL
DT-233,10,55.7758773263124,99.59978093984355,56,HIGH
DT-233,11,55.89215856874419,99.80742601561462,56,HIGH
DT-233,12,58.167999604084834,103.87142786443721,56,CRITICAL
DT-233,13,59.171314527255795,105.66306165581393,56,CRITICAL
DT-233,14,59.95095093797265,107.05526953209402,56,CRITICAL
DT-233,15,55.19491766523685,98.56235297363723,56,HIGH
DT-233,16,58.883738270263464,105.14953262547047,56,CRITICAL
DT-233,17,53.5067640574695,95.54779295976697,56,HIGH
DT-233,18,58.729570693153164,104.87423338063066,56,CRITICAL
DT-233,19,57.64392461458989,102.93557966891053,56,CRITICAL
DT-233,20,63.89726337516755,114.1022560270849,56,CRITICAL
DT-233,21,51.607212721676426,92.15573700299362,56,HIGH
DT-233,22,111.37930974997988,198.89162455353548,56,CRITICAL
DT-233,23,57.15833252222773,102.06845093254951,56,CRITICAL
DT-234,0,141.27033619539776,73.96352680387317,191,SAFE
DT-234,1,146.61071218325986,76.7595351744816,191,SAFE
DT-234,2,141.24681748541514,73.95121334314929,191,SAFE
DT-234,3,151.7589498687502,79.45494757526188,191,SAFE
DT-234,4,142.4664849705409,74.58978270708947,191,SAFE
DT-234,5,149.97401069237597,78.52042444627014,191,SAFE
DT-234,6,142.85888896831472,74.79522982634278,191,SAFE
DT-234,7,166.45863753501254,87.15111912827881,191,HIGH
DT-234,8,154.7954255740058,81.04472543141665,191,SAFE
DT-234,9,155.21244597854005,81.26306072174872,191,SAFE
DT-234,10,139.4218112334349,72.99571268766226,191,SAFE
DT-234,11,145.4585538963502,76.15631094049749,191,SAFE
DT-234,12,154.55130806344079,80.91691521646115,191,SAFE
DT-234,13,149.69046034394964,78.37196876646578,191,SAFE
DT-234,14,146.1854078574446,76.5368627525888,191,SAFE
DT-234,15,145.4628559187819,76.15856330826279,191,SAFE
DT-234,16,150.77765094774594,78.94117850667327,191,SAFE
DT-234,17,144.79196230667702,75.80731010820786,191,SAFE
DT-234,18,141.96293667391353,74.32614485545211,191,SAFE
DT-234,19,138.158578411255,72.33433424673036,191,SAFE
DT-234,20,139.6250137773524,73.1021014541112,191,SAFE
DT-234,21,125.89643017456896,65.91436134794186,191,SAFE
DT-234,22,158.39172534019824,82.92760489015615,191,SAFE
DT-234,23,139.20537733100142,72.88239650837771,191,SAFE
DT-235,0,150.92741421239717,79.43548116441956,190,SAFE
DT-235,1,156.71095730234006,82.47945121175793,190,SAFE
DT-235,2,151.24870752800504,79.60458290947633,190,SAFE
DT-235,3,156.8310814106451,82.54267442665532,190,SAFE
DT-235,4,152.96909673232813,80.51005091175165,190,SAFE
DT-235,5,150.4865373674211,79.20344071969532,190,SAFE
DT-235,6,152.20150883134875,80.10605727965724,190,SAFE
DT-235,7,169.91826224593012,89.43066433996323,190,HIGH
DT-235,8,166.0191202930797,87.3784843647788,190,HIGH
DT-235,9,163.53638045541837,86.0717791870623,190,HIGH
DT-235,10,156.32951568521457,82.27869246590241,190,SAFE
DT-235,11,160.94038468627465,84.70546562435507,190,SAFE
DT-235,12,171.0000337330184,90.00001775422021,190,HIGH
DT-235,13,153.426907133873,80.75100375467,190,SAFE
DT-235,14,161.09154183259454,84.78502201715501,190,SAFE
DT-235,15,156.3695816614214,82.29977982180074,190,SAFE
DT-235,16,161.08825547048465,84.78329235288666,190,SAFE
DT-235,17,161.87885737294016,85.19939861733693,190,HIGH
DT-235,18,152.6054584361256,80.31866233480294,190,SAFE
DT-235,19,143.41817920795063,75.48325221471086,190,SAFE
DT-235,20,150.09335811113715,78.99650426901955,190,SAFE
DT-235,21,126.61706784860553,66.64056202558186,190,SAFE
DT-235,22,141.8939210870835,74.68101109846499,190,SAFE
DT-235,23,147.2251411010161,77.48691636895585,190,SAFE
DT-236,0,121.60877033397273,69.89009789308778,174,SAFE
DT-236,1,145.6919213581391,83.73098928628684,174,SAFE
DT-236,2,134.95710504339579,77.56155462264125,174,SAFE
DT-236,3,139.52196658880044,80.18503826942555,174,SAFE
DT-236,4,134.12720942577758,77.08460311826298,174,SAFE
DT-236,5,143.62514259461025,82.5431853992013,174,SAFE
DT-236,6,129.7187723748499,74.55101860623557,174,SAFE
DT-236,7,157.69326570683882,90.62831362462,174,HIGH
DT-236,8,149.212339849207,85.75421830414197,174,HIGH
DT-236,9,140.4164835506489,80.69912847738442,174,SAFE
DT-236,10,133.7987489453315,76.89583272720202,174,SAFE
DT-236,11,138.42804578947522,79.55634815487082,174,SAFE
DT-236,12,132.38374191977113,76.08261029871903,174,SAFE
DT-236,13,147.10764547537778,84.54462383642401,174,SAFE
DT-236,14,145.9879209702065,83.9011040058658,174,SAFE
DT-236,15,142.64339401929078,81.97896208005218,174,SAFE
DT-236,16,131.6293916450322,75.64907565806448,174,SAFE
DT-236,17,133.29751159712123,76.60776528570186,174,SAFE
DT-236,18,118.77220703371233,68.25988909983467,174,SAFE
DT-236,19,137.48838570421103,79.0163136231098,174,SAFE
DT-236,20,133.5918831865388,76.77694436007978,174,SAFE
DT-236,21,114.01738654955267,65.5272336491682,174,SAFE
DT-236,22,142.41278822152728,81.846430012372,174,SAFE
DT-236,23,132.80028257569882,76.32200148028667,174,SAFE
DT-237,0,118.77595190793517,94.26662849836124,126,HIGH
DT-237,1,115.28856453406729,91.49886074132326,126,HIGH
DT-237,2,118.94399155265586,94.39999329575862,126,HIGH
DT-237,3,111.60663127256493,88.57669148616263,126,HIGH
DT-237,4,114.10253225894411,90.55756528487628,126,HIGH
DT-237,5,128.02894025621663,101.61027004461637,126,CRITICAL
DT-237,6,108.98912628083231,86.49930657208914,126,HIGH
DT-237,7,138.5124459752254,109.93051267875032,126,CRITICAL
DT-237,8,139.68420093626048,110.86047693354006,126,CRITICAL
DT-237,9,127.11310021617285,100.88341286997846,126,CRITICAL
DT-237,10,116.00095725259365,92.06425178777275,126,HIGH
DT-237,11,123.03529113474158,97.64705645614411,126,HIGH
DT-237,12,139.68729102505986,110.86292938496814,126,CRITICAL
DT-237,13,126.0575487347273,100.04567359898992,126,CRITICAL
DT-237,14,125.98540570327683,99.98841722482288,126,HIGH
DT-237,15,116.0918120615458,92.1363587790046,126,HIGH
DT-237,16,117.18161755737779,93.00128377569666,126,HIGH
DT-237,17,116.07108694383942,92.11991027288843,126,HIGH
DT-237,18,126.45392190157793,100.36025547744279,126,CRITICAL
DT-237,19,121.3739528894532,96.32853403924857,126,HIGH
DT-237,20,123.79082198419769,98.2466841144426,126,HIGH
DT-237,21,117.86772104202302,93.54581035081192,126,HIGH
DT-237,22,137.84859216501292,109.40364457540709,126,CRITICAL
DT-237,23,130.64639095337378,103.68761186775697,126,CRITICAL
DT-238,0,63.72285952132498,88.5039715573958,72,HIGH
DT-238,1,61.318591504009895,85.16471042223596,72,HIGH
DT-238,2,60.28778161643507,83.73303002282648,72,SAFE
DT-238,3,60.77599311728203,84.41110155178059,72,SAFE
DT-238,4,60.3582249630927,83.83086800429541,72,SAFE
DT-238,5,61.07581696754716,84.82752356603773,72,SAFE
DT-238,6,62.91504505911304,87.38200702654589,72,HIGH
DT-238,7,67.5023046321368,93.75320087796779,72,HIGH
DT-238,8,67.4940982737367,93.74180315796764,72,HIGH
DT-238,9,64.80786492691865,90.01092350960924,72,HIGH
DT-238,10,61.32052407072508,85.16739454267372,72,HIGH
DT-238,11,66.0634653595045,91.75481299931181,72,HIGH
DT-238,12,71.36763866976102,99.12172037466809,72,HIGH
DT-238,13,65.35794592602068,90.77492489725094,72,HIGH
DT-238,14,60.78182161711485,84.41919669043729,72,SAFE
DT-238,15,63.56602555872928,88.28614660934622,72,HIGH
DT-238,16,60.35605700981106,83.82785695807091,72,SAFE
DT-238,17,60.10792801880698,83.48323335945413,72,SAFE
DT-238,18,61.368817830260014,85.23446920869446,72,HIGH
DT-238,19,61.13964746455494,84.91617703410408,72,SAFE
DT-238,20,62.18517171816121,86.36829405300168,72,HIGH
DT-238,21,54.729388112208454,76.01303904473396,72,SAFE
DT-238,22,112.58371124770102,156.36626562180697,72,CRITICAL
DT-238,23,64.11002975018589,89.04170798636929,72,HIGH
DT-239,0,75.81495000960632,98.46097403844976,77,HIGH
DT-239,1,72.52269386411778,94.18531670664647,77,HIGH
DT-239,2,71.51687856577823,92.87906307243925,77,HIGH
DT-239,3,71.44980025578113,92.79194838413133,77,HIGH
DT-239,4,70.96331527059934,92.16014970207706,77,HIGH
DT-239,5,73.81144227625775,95.85901594319188,77,HIGH
DT-239,6,74.11679532296813,96.25557834151705,77,HIGH
DT-239,7,78.69595288684316,102.20253621667943,77,CRITICAL
DT-239,8,79.02637829431336,102.63166012248489,77,CRITICAL
DT-239,9,83.6582473495674,108.64707447995768,77,CRITICAL
DT-239,10,76.92624846952506,99.90421879159099,77,HIGH
DT-239,11,82.64442839644418,107.33042648888855,77,CRITICAL
DT-239,12,74.94282535768193,97.32834462036614,77,HIGH
DT-239,13,79.97691862461711,103.86612808391833,77,CRITICAL
DT-239,14,80.17358163972932,104.12153459705107,77,CRITICAL
DT-239,15,77.46729992544181,100.60688302005428,77,CRITICAL
DT-239,16,82.97512774114605,107.75990615733255,77,CRITICAL
DT-239,17,71.01759186393939,92.23063878433686,77,HIGH
DT-239,18,84.12531243707119,109.25365251567686,77,CRITICAL
DT-239,19,83.24471599230966,108.11002076923333,77,CRITICAL
DT-239,20,85.04886386005427,110.45306994812242,77,CRITICAL
DT-239,21,71.2453742227627,92.52646002956195,77,HIGH
DT-239,22,108.32216965186018,140.67814240501323,77,CRITICAL
DT-239,23,77.71396512749577,100.92722743830619,77,CRITICAL
DT-240,0,87.98970115595894,94.61258188812789,93,HIGH
DT-240,1,91.41353956111163,98.29412856033508,93,HIGH
DT-240,2,87.79703800329347,94.40541720784245,93,HIGH
DT-240,3,82.44611373380893,88.651735197644,93,HIGH
DT-240,4,92.89127608699324,99.8830925666594,93,HIGH
DT-240,5,90.49332283008039,97.30464820438752,93,HIGH
DT-240,6,88.87427813453573,95.5637399296083,93,HIGH
DT-240,7,98.65296475134662,106.07845672187807,93,CRITICAL
DT-240,8,94.46352568782852,101.57368353529948,93,CRITICAL
DT-240,9,93.36899114186845,100.39676466867574,93,CRITICAL
DT-240,10,90.75605185103518,97.58715252799483,93,HIGH
DT-240,11,89.77589537003256,96.533220827992,93,HIGH
DT-240,12,93.2468561122393,100.2654366798272,93,CRITICAL
DT-240,13,91.72906053383569,98.63339842347924,93,HIGH
DT-240,14,88.86669205652282,95.55558285647615,93,HIGH
DT-240,15,84.3948776401335,90.74718025820808,93,HIGH
DT-240,16,90.9890571761064,97.83769588828645,93,HIGH
DT-240,17,87.4376279617081,94.01895479753559,93,HIGH
DT-240,18,103.27986026388098,111.0536131869688,93,CRITICAL
DT-240,19,106.0507223955316,114.03303483390494,93,CRITICAL
DT-240,20,101.93508933682116,109.60762294281845,93,CRITICAL
DT-240,21,88.89689139515455,95.58805526360706,93,HIGH
DT-240,22,130.55078145637447,140.37718436169297,93,CRITICAL
DT-240,23,94.1072653339171,101.19060788593237,93,CRITICAL
DT-241,0,146.29286538633838,89.75022416339777,163,HIGH
DT-241,1,123.9637027699159,76.05135139258644,163,SAFE
DT-241,2,124.84955709998789,76.59482030674104,163,SAFE
DT-241,3,138.33932672502442,84.87075259203952,163,SAFE
DT-241,4,137.75194244614033,84.5103941387364,163,SAFE
DT-241,5,135.77955506179404,83.30034052870799,163,SAFE
DT-241,6,126.28983591842325,77.47842694381795,163,SAFE
DT-241,7,154.1757938687096,94.58637660657031,163,HIGH
DT-241,8,153.2757083732806,94.03417691612306,163,HIGH
DT-241,9,140.02994746412213,85.90794322952277,163,HIGH
DT-241,10,142.559262684515,87.45967035859816,163,HIGH
DT-241,11,141.39547947472212,86.74569292927738,163,HIGH
DT-241,12,148.89327292799078,91.34556621349128,163,HIGH
DT-241,13,142.19838273761016,87.23827161816574,163,HIGH
DT-241,14,141.83395969714883,87.0146992007048,163,HIGH
DT-241,15,133.98083298830892,82.19683005417725,163,SAFE
DT-241,16,126.89749937462364,77.85122661019855,163,SAFE
DT-241,17,135.13443996229879,82.90456439404834,163,SAFE
DT-241,18,133.37219710854652,81.82343380892424,163,SAFE
DT-241,19,138.6780678471125,85.07856923135735,163,HIGH
DT-241,20,139.19498363099393,85.39569547913739,163,HIGH
DT-241,21,124.3807352124328,76.30719951682994,163,SAFE
DT-241,22,135.4995146919097,83.1285366208035,163,SAFE
DT-241,23,135.33645992736498,83.0285030229233,163,SAFE
DT-242,0,99.72369254969864,76.71053273053742,130,SAFE
DT-242,1,102.5194324496171,78.86110188432085,130,SAFE
DT-242,2,102.45182534405697,78.80909641850536,130,SAFE
DT-242,3,102.85270951680981,79.11746885908447,130,SAFE
DT-242,4,110.66196427188726,85.12458790145175,130,HIGH
DT-242,5,99.27939939627207,76.36876876636313,130,SAFE
DT-242,6,101.35383929352597,77.96449176425074,130,SAFE
DT-242,7,110.94073280216044,85.33902523243111,130,HIGH
DT-242,8,111.47147534745042,85.74728872880802,130,HIGH
DT-242,9,110.09208294781756,84.68621765216736,130,SAFE
DT-242,10,104.81078330708998,80.62367946699229,130,SAFE
DT-242,11,106.51810466601214,81.9370035892401,130,SAFE
DT-242,12,108.48319584658373,83.44861218967979,130,SAFE
DT-242,13,104.1066296680601,80.08202282158469,130,SAFE
DT-242,14,104.09891544509628,80.07608880392021,130,SAFE
DT-242,15,107.85338286134535,82.96414066257334,130,SAFE
DT-242,16,105.51434627389148,81.1648817491473,130,SAFE
DT-242,17,107.5423844251987,82.7249110963067,130,SAFE
DT-242,18,108.891921871823,83.76301682447922,130,SAFE
DT-242,19,110.17840965503551,84.75262281156577,130,SAFE
DT-242,20,103.84397913305804,79.87998394850618,130,SAFE
DT-242,21,97.5481432953147,75.03703330408823,130,SAFE
DT-242,22,132.08058178779953,101.60044752907656,130,CRITICAL
DT-242,23,107.15332065836782,82.42563127566754,130,SAFE
DT-243,0,91.87820941979125,75.93240447916632,121,SAFE
DT-243,1,98.26409055059455,81.209992190574,121,SAFE
DT-243,2,95.2915328109151,78.75333290158274,121,SAFE
DT-243,3,101.0996936342849,83.5534658134586,121,SAFE
DT-243,4,106.5767707669431,88.07997584044884,121,HIGH
DT-243,5,101.48158834047001,83.86908127311571,121,SAFE
DT-243,6,101.57724716589857,83.94813815363518,121,SAFE
DT-243,7,116.93500039028962,96.640496190322,121,HIGH
DT-243,8,107.41100938920744,88.76942924727886,121,HIGH
DT-243,9,105.2665046371902,86.99711127040511,121,HIGH
DT-243,10,95.918518363262,79.27150277955536,121,SAFE
DT-243,11,111.6833190255858,92.30026365750894,121,HIGH
DT-243,12,100.79124479875725,83.29854942046055,121,SAFE
DT-243,13,94.79741703433172,78.34497275564605,121,SAFE
DT-243,14,103.52894337663906,85.56111022862733,121,HIGH
DT-243,15,102.77272915665299,84.93613979888677,121,SAFE
DT-243,16,91.2328040319776,75.39901159667569,121,SAFE
DT-243,17,105.5723586517533,87.2498831832672,121,HIGH
DT-243,18,102.83745316541652,84.98963071522026,121,SAFE
DT-243,19,102.47871411720611,84.69315216298025,121,SAFE
DT-243,20,105.27355447731503,87.00293758455787,121,HIGH
DT-243,21,88.45583281330175,73.10399406057996,121,SAFE
DT-243,22,128.57062595991675,106.2567156693527,121,CRITICAL
DT-243,23,104.737108467143,86.55959377449835,121,HIGH
DT-244,0,102.6194897355075,73.2996355253625,140,SAFE
DT-244,1,119.65235305198462,85.46596646570329,140,HIGH
DT-244,2,110.73344991837553,79.09532137026822,140,SAFE
DT-244,3,108.84893984768868,77.74924274834906,140,SAFE
DT-244,4,123.64763903769992,88.31974216978566,140,HIGH
DT-244,5,106.08066468998088,75.77190334998635,140,SAFE
DT-244,6,112.93446496449064,80.66747497463618,140,SAFE
DT-244,7,120.99668675503906,86.42620482502791,140,HIGH
DT-244,8,132.74349968556325,94.81678548968804,140,HIGH
DT-244,9,115.42768569296769,82.44834692354834,140,SAFE
DT-244,10,111.60710419958929,79.71936014256377,140,SAFE
DT-244,11,110.07788193380253,78.62705852414466,140,SAFE
DT-244,12,118.24652662029857,84.4618047287847,140,SAFE
DT-244,13,121.13768391892779,86.52691708494842,140,HIGH
DT-244,14,117.03994568534299,83.59996120381642,140,SAFE
DT-244,15,116.49061790579455,83.20758421842469,140,SAFE
DT-244,16,115.4472599883714,82.46232856312243,140,SAFE
DT-244,17,110.24115447220453,78.74368176586037,140,SAFE
DT-244,18,111.21589245588682,79.4399231827763,140,SAFE
DT-244,19,107.76223220042954,76.97302300030681,140,SAFE
DT-244,20,105.1887750056519,75.13483928975137,140,SAFE
DT-244,21,99.79602342155215,71.28287387253725,140,SAFE
DT-244,22,131.77340685514946,94.12386203939248,140,HIGH
DT-244,23,126.62706145819314,90.44790104156654,140,HIGH
DT-245,0,61.586356972866255,77.95741388970411,79,SAFE
DT-245,1,66.03104244824146,83.58359803574868,79,SAFE
DT-245,2,61.60286196506078,77.97830628488707,79,SAFE
DT-245,3,59.63017289486644,75.48123151248916,79,SAFE
DT-245,4,61.24304661606372,77.52284381780218,79,SAFE
DT-245,5,64.84951872216473,82.087998382487,79,SAFE
DT-245,6,64.9194388642754,82.17650489148785,79,SAFE
DT-245,7,75.82077589584479,95.97566569094278,79,HIGH
DT-245,8,80.61871479761693,102.04900607293283,79,CRITICAL
DT-245,9,64.92163601277095,82.17928609211512,79,SAFE
DT-245,10,73.60566162632082,93.1717235776213,79,HIGH
DT-245,11,72.02181115700941,91.1668495658347,79,HIGH
DT-245,12,68.3103406156828,86.4687855894719,79,HIGH
DT-245,13,74.91866955863524,94.83375893498132,79,HIGH
DT-245,14,88.87115920564877,112.49513823499844,79,CRITICAL
DT-245,15,63.12898578801217,79.91010859242047,79,SAFE
DT-245,16,68.13660473327906,86.24886675098614,79,HIGH
DT-245,17,64.19615398647689,81.26095441326189,79,SAFE
DT-245,18,80.8518692293932,102.3441382650547,79,CRITICAL
DT-245,19,67.97223047113644,86.04079806472967,79,HIGH
DT-245,20,70.07439447866321,88.70176516286482,79,HIGH
DT-245,21,63.87667633825571,80.85655232690597,79,SAFE
DT-245,22,115.91458860039427,146.72732734227122,79,CRITICAL
DT-245,23,60.96082776425457,77.16560476487919,79,SAFE
DT-246,0,168.97393184441592,85.34036961839189,198,HIGH
DT-246,1,169.05018895125647,85.37888330871539,198,HIGH
DT-246,2,171.30630703365117,86.51833688568242,198,HIGH
DT-246,3,168.94397382071952,85.32523930339369,198,HIGH
DT-246,4,173.38643336689012,87.5689057408536,198,HIGH
DT-246,5,174.03085482761182,87.89437112505647,198,HIGH
DT-246,6,173.98137676118597,87.86938220261918,198,HIGH
DT-246,7,177.64833605594572,89.72138184643724,198,HIGH
DT-246,8,177.92262774136108,89.85991300068741,198,HIGH
DT-246,9,171.99659497236573,86.86696715776046,198,HIGH
DT-246,10,176.4240375027626,89.10304924381948,198,HIGH
DT-246,11,175.42926107638885,88.6006369072671,198,HIGH
DT-246,12,176.77702762169855,89.28132708166594,198,HIGH
DT-246,13,175.8519394198533,88.81411081810772,198,HIGH
DT-246,14,175.21578956502543,88.4928230126391,198,HIGH
DT-246,15,172.08346302856359,86.91083991341596,198,HIGH
DT-246,16,171.51680510328606,86.62464904206367,198,HIGH
DT-246,17,171.4449225711232,86.58834473289049,198,HIGH
DT-246,18,171.52459829675107,86.62858499835913,198,HIGH
DT-246,19,158.71719086227776,80.16019740519079,198,SAFE
DT-246,20,165.4242757386444,83.54761400941638,198,SAFE
DT-246,21,131.65440532550596,66.49212390177068,198,SAFE
DT-246,22,152.46332111028903,77.00167732842881,198,SAFE
DT-246,23,156.69066029373073,79.13669711804582,198,SAFE
DT-247,0,78.31768858011708,93.23534354775843,84,HIGH
DT-247,1,88.3388797987265,105.16533309372203,84,CRITICAL
DT-247,2,77.93679740946347,92.78190167793271,84,HIGH
DT-247,3,80.45101632203827,95.77501943099794,84,HIGH
DT-247,4,75.22335294917158,89.5516106537757,84,HIGH
DT-247,5,83.66484054213679,99.60100064540094,84,HIGH
DT-247,6,84.39783020717299,100.47360738949166,84,CRITICAL
DT-247,7,82.22211619564408,97.88347166148105,84,HIGH
DT-247,8,95.75066405464037,113.98888577933377,84,CRITICAL
DT-247,9,80.0077793517256,95.24735637110192,84,HIGH
DT-247,10,86.7046663450331,103.21984088694418,84,CRITICAL
DT-247,11,77.98018305314912,92.83355125374895,84,HIGH
DT-247,12,80.3453956590017,95.64928054643059,84,HIGH
DT-247,13,89.96344912637534,107.0993441980659,84,CRITICAL
DT-247,14,74.44301470475456,88.62263655327924,84,HIGH
DT-247,15,88.66414118708695,105.55254903224638,84,CRITICAL
DT-247,16,79.22045783958617,94.31006885665022,84,HIGH
DT-247,17,80.36853172047984,95.67682347676171,84,HIGH
DT-247,18,96.7442132707047,115.17168246512466,84,CRITICAL
DT-247,19,88.05683940734835,104.82957072303374,84,CRITICAL
DT-247,20,88.05189344621365,104.82368267406387,84,CRITICAL
DT-247,21,78.48831968888878,93.4384758201057,84,HIGH
DT-247,22,127.19773416492012,151.42587400585728,84,CRITICAL
DT-247,23,82.5927324366581,98.32468147221202,84,HIGH
DT-248,0,160.60142815128248,87.28338486482743,184,HIGH
DT-248,1,161.657301372237,87.85722900665053,184,HIGH
DT-248,2,157.00022630406755,85.3262099478628,184,HIGH
DT-248,3,160.74337846618693,87.36053177510159,184,HIGH
DT-248,4,165.60172152531732,90.0009356115855,184,HIGH
DT-248,5,158.53291130722926,86.15919092784199,184,HIGH
DT-248,6,167.23414970178837,90.88812483792846,184,HIGH
DT-248,7,172.82203855271501,93.9250209525625,184,HIGH
DT-248,8,173.55218414188772,94.32183920754768,184,HIGH
DT-248,9,165.49343376075194,89.94208356562605,184,HIGH
DT-248,10,162.6302166594447,88.3859873149156,184,HIGH
DT-248,11,164.30645772386876,89.29698789340694,184,HIGH
DT-248,12,160.13698175971317,87.0309683476702,184,HIGH
DT-248,13,168.24589597471362,91.43798694277913,184,HIGH
DT-248,14,165.95292567042662,90.1918074295797,184,HIGH
DT-248,15,164.2791461375155,89.2821446399541,184,HIGH
DT-248,16,156.6452861801862,85.13330770662293,184,HIGH
DT-248,17,163.13864841300327,88.66230892011048,184,HIGH
DT-248,18,164.23571949768143,89.25854320526165,184,HIGH
DT-248,19,167.38887254192252,90.97221333800138,184,HIGH
DT-248,20,164.4389078072218,89.36897163435968,184,HIGH
DT-248,21,140.7195346884959,76.47800798287821,184,SAFE
DT-248,22,139.6024548918115,75.87089939772365,184,SAFE
DT-248,23,153.8975042222217,83.63994794685962,184,SAFE
DT-249,0,151.24657684251486,88.96857461324403,170,HIGH
DT-249,1,152.50353091091785,89.70795935936344,170,HIGH
DT-249,2,161.93418955058272,95.25540561798984,170,HIGH
DT-249,3,157.58009902640168,92.69417589788334,170,HIGH
DT-249,4,153.4743299908596,90.27901764168212,170,HIGH
DT-249,5,156.73394778561644,92.19643987389202,170,HIGH
DT-249,6,157.03279974437353,92.37223514374914,170,HIGH
DT-249,7,164.42816846919803,96.72245204070472,170,HIGH
DT-249,8,166.03520447840052,97.6677673402356,170,HIGH
DT-249,9,165.04684693779026,97.08638055164133,170,HIGH
DT-249,10,164.27320559392675,96.63129740819221,170,HIGH
DT-249,11,163.01627583808252,95.89192696357796,170,HIGH
DT-249,12,158.43552887924824,93.19736992896955,170,HIGH
DT-249,13,161.9933173214526,95.290186659678,170,HIGH
DT-249,14,161.96539215423792,95.27376009072819,170,HIGH
DT-249,15,160.94572038948033,94.67395317028254,170,HIGH
DT-249,16,156.1825329302048,91.8720781942381,170,HIGH
DT-249,17,153.49710433495807,90.29241431468121,170,HIGH
DT-249,18,157.25763935399692,92.50449373764525,170,HIGH
DT-249,19,162.0719874089163,95.33646318171547,170,HIGH
DT-249,20,162.90426215747314,95.8260365632195,170,HIGH
DT-249,21,138.5469206843693,81.49818863786429,170,SAFE
DT-249,22,152.09835023865077,89.46961778744162,170,HIGH
DT-249,23,155.37780737409156,91.39871022005386,170,HIGH
