site_id,assigned_feeder_id,zone,lat,lon,land_use,trench_distance_m,clear_width_m,clear_length_m,road_width_m,hydrant_distance_m,accessibility_score,ev_registration_count,distance_to_11kv_m,phase_imbalance_pct,rated_capacity_kva,feeder_id,capacity_pct,status,dt_headroom_pct,ev_density_score,proximity_score,headroom_score,road_score,land_use_score,demand_score,veto_reasons,decision,nearest_feasible_alternative
SITE-060,DT-237,Yelahanka,13.10169764032614,77.58705946130742,industrial,86.98763247864306,3.999974173970867,7.476053446783173,8.414243406020983,26.922107454183212,91.94024430978365,587,17.20925250201433,28.542327566092514,126,,,,35.0,73.65119196988708,94.26358249932856,35.0,91.94024430978365,75,71.11,APPROVED,APPROVED,SITE-060
SITE-134,DT-237,Yelahanka,13.102036901235774,77.59708446815351,parking_lot,25.43506367803925,5.0775150859254445,9.148953521406419,5.196547706731588,22.02839017221139,54.80780260535135,587,17.20925250201433,28.542327566092514,126,,,,35.0,73.65119196988708,94.26358249932856,35.0,54.80780260535135,85,68.39,APPROVED,APPROVED,SITE-134
SITE-151,DT-224,Jayanagar,12.910268488036849,77.58408768989564,commercial,51.820676299352634,3.239764274556487,9.395287168312509,6.9930713313489345,26.250729758070893,85.75526614124911,439,137.28432348846354,8.799646955572225,131,,,,35.0,55.081555834378925,54.23855883717882,35.0,85.75526614124911,100,57.41,APPROVED,APPROVED,SITE-151
SITE-055,DT-202,Whitefield,12.96919901260013,77.73503172806848,commercial,114.50671666635505,3.0514715092617193,6.244460537724413,7.999073571281001,30.305505893318013,43.3657187350171,572,170.82958823459208,10.361238475854487,168,,,,35.0,71.76913425345045,43.05680392180265,35.0,43.3657187350171,100,55.38,APPROVED,APPROVED,SITE-055
SITE-187,DT-242,Whitefield,12.95636647163897,77.75784728066733,commercial,89.10775209334248,4.308983341759569,7.932862710622457,6.566084349629654,20.78898368823038,43.341617004884824,263,40.53064315769624,10.46267770734159,130,,,,35.0,32.99874529485571,86.48978561410125,35.0,43.341617004884824,100,54.61,APPROVED,APPROVED,SITE-187
SITE-101,DT-223,Electronic City,12.855082326045617,77.70139883701769,commercial,74.85337095720821,4.271586349544417,8.88289358275245,4.88119171958976,32.0381025185911,77.40585580700547,680,281.96967194274504,29.15393793791479,120,,,,35.0,85.31994981179423,6.010109352418325,35.0,77.40585580700547,100,53.59,APPROVED,APPROVED,SITE-101
SITE-080,DT-224,Jayanagar,12.923603930084647,77.58565694228646,residential,31.14130101908864,4.49013048538722,8.554142414638742,5.7986004899866455,35.55617236137391,86.56563463393604,439,137.28432348846354,8.799646955572225,131,,,,35.0,55.081555834378925,54.23855883717882,35.0,86.56563463393604,60,53.49,APPROVED,APPROVED,SITE-080
SITE-083,DT-218,Hebbal,13.046271973209885,77.56997391273109,commercial,81.3306265582836,4.504080098361869,9.483913062338079,6.110470042873661,36.29691053605153,71.76629554893128,145,98.72742100368923,29.43112405085015,61,,,,35.0,18.193224592220826,67.09085966543694,35.0,71.76629554893128,100,48.16,APPROVED,APPROVED,SITE-083
SITE-054,DT-218,Hebbal,13.055718369466211,77.57971132154536,industrial,86.21201424258368,3.129624046242191,9.193306943035825,8.065282935584019,21.196188937961054,93.24052109327974,145,98.72742100368923,29.43112405085015,61,,,,35.0,18.193224592220826,67.09085966543694,35.0,93.24052109327974,75,47.8,APPROVED,APPROVED,SITE-054
SITE-110,DT-213,Electronic City,12.855954412890144,77.65286061578902,mixed_use,58.79565153804406,5.122371318576847,7.887229980572959,5.825562390278662,15.250869669220144,50.76178541281132,504,246.06591155315004,14.177998036585045,69,,,,35.0,63.237139272271015,17.97802948228332,35.0,50.76178541281132,90,46.29,APPROVED,APPROVED,SITE-110
SITE-181,DT-231,Indiranagar,12.976263210407492,77.63742407633819,industrial,88.94075264176628,3.0073045697859593,6.724621402255968,7.276542117164867,17.748841858965818,68.6996934731373,361,281.675813654796,16.915911275210334,111,,,,35.0,45.29485570890841,6.108062115068003,35.0,68.6996934731373,75,38.24,APPROVED,APPROVED,SITE-181
SITE-056,DT-231,Indiranagar,12.995487481340367,77.64114028798012,industrial,73.37165076377711,4.231924800246343,7.705613298743634,8.279094746720203,20.953872681251447,53.055097098299726,361,281.675813654796,16.915911275210334,111,,,,35.0,45.29485570890841,6.108062115068003,35.0,53.055097098299726,75,36.67,APPROVED,APPROVED,SITE-056
SITE-086,DT-239,Marathahalli,12.951222158129879,77.68934952960537,commercial,165.15832137670745,3.9046187798077843,6.321948417855396,6.476429748942586,36.648832950919314,65.9251963021503,797,15.172667353326442,12.038327880332194,77,,,,35.0,100.0,94.94244421555786,35.0,65.9251963021503,100,79.08,Trench distance exceeds threshold,REJECTED,SITE-055
SITE-123,DT-239,Marathahalli,12.930051095726977,77.69098389067837,residential,224.57358229577963,2.75874504380746,8.34882031799797,8.177187094080143,38.87338559851759,97.86621852254372,797,15.172667353326442,12.038327880332194,77,,,,35.0,100.0,94.94244421555786,35.0,97.86621852254372,60,78.27,Trench distance exceeds threshold; Footprint below minimum 3m x 6m,REJECTED,SITE-055
SITE-020,DT-239,Marathahalli,12.962652421824348,77.69454348232402,commercial,181.78766463637817,4.036626026682311,8.595346598256718,4.906252469216243,28.415742200273097,56.52322676805293,797,15.172667353326442,12.038327880332194,77,,,,35.0,100.0,94.94244421555786,35.0,56.52322676805293,100,78.14,Trench distance exceeds threshold,REJECTED,SITE-055
SITE-037,DT-239,Marathahalli,12.942576959558716,77.68437682793751,mixed_use,28.276089676742124,2.689191686085509,4.914625446180255,5.257295589117849,16.235441473236,47.33544471669797,797,15.172667353326442,12.038327880332194,77,,,,35.0,100.0,94.94244421555786,35.0,47.33544471669797,90,76.22,Footprint below minimum 3m x 6m,REJECTED,SITE-055
SITE-177,DT-225,HSR Layout,12.902203462833672,77.6446825462423,mixed_use,87.44413780800421,3.4608416346136925,6.391875581585365,6.585976441225602,39.4661403055997,99.97883842813235,714,41.48696492927863,32.87288344247303,104,,,,35.0,89.58594730238394,86.17101169024046,35.0,99.97883842813235,90,76.17,Phase balance exceeds threshold,REJECTED,SITE-110
SITE-118,DT-239,Marathahalli,12.946686100655524,77.69695547351232,residential,300.73732995825037,4.523048820743444,4.271209646765932,3.507859583990705,30.895314168996197,73.80618343213158,797,15.172667353326442,12.038327880332194,77,,,,35.0,100.0,94.94244421555786,35.0,73.80618343213158,60,75.87,Trench distance exceeds threshold; Footprint below minimum 3m x 6m; Emergency access non-compliant,REJECTED,SITE-055
SITE-183,DT-204,Jayanagar,12.930025751097016,77.58470068584212,commercial,303.9600201198997,4.026505396141111,8.029337773761064,6.938610424009244,16.746195524707602,98.79983078210489,677,54.74395269958887,33.272811269970816,152,,,,35.0,84.9435382685069,81.75201576680371,35.0,98.79983078210489,100,74.55,Trench distance exceeds threshold; Phase balance exceeds threshold,REJECTED,SITE-080
SITE-198,DT-237,Yelahanka,13.075091596565244,77.59642620335731,commercial,274.07459227281487,4.839824491635911,8.816909875151069,6.97226188319095,27.334662371637805,90.25086418687624,587,17.20925250201433,28.542327566092514,126,,,,35.0,73.65119196988708,94.26358249932856,35.0,90.25086418687624,100,73.44,Trench distance exceeds threshold,REJECTED,SITE-054
SITE-159,DT-225,HSR Layout,12.91189292432618,77.63839596700207,commercial,82.08962101213578,4.946558234180521,5.378122619725285,3.7975419026192787,11.289011696948855,61.73607097052604,714,41.48696492927863,32.87288344247303,104,,,,35.0,89.58594730238394,86.17101169024046,35.0,61.73607097052604,100,73.34,Footprint below minimum 3m x 6m; Emergency access non-compliant; Phase balance exceeds threshold,REJECTED,SITE-080
SITE-155,DT-200,Koramangala,12.939421508551867,77.63736748415926,mixed_use,105.9395994128665,4.880443076776254,6.102647646781922,6.850844942605269,9.64278809914692,81.05414634557093,673,37.31143088741837,44.09802701055997,63,,,,35.0,84.44165621079046,87.56285637086054,35.0,81.05414634557093,90,73.08,Emergency access non-compliant; Phase balance exceeds threshold,REJECTED,SITE-181
SITE-184,DT-204,Jayanagar,12.922745790673734,77.59439637321465,mixed_use,50.55604401004788,3.381553124548271,8.4697733375485,5.295370949936524,10.008457209154773,89.78636026317126,677,54.74395269958887,33.272811269970816,152,,,,35.0,84.9435382685069,81.75201576680371,35.0,89.78636026317126,90,72.65,Emergency access non-compliant; Phase balance exceeds threshold,REJECTED,SITE-080
SITE-007,DT-225,HSR Layout,12.908181130299086,77.64078415072028,industrial,96.8311697189227,4.5960765716672345,7.564413419055256,7.001762027212473,37.13006043025598,77.07242406610483,714,41.48696492927863,32.87288344247303,104,,,,35.0,89.58594730238394,86.17101169024046,35.0,77.07242406610483,75,72.38,Phase balance exceeds threshold,REJECTED,SITE-110
SITE-128,DT-200,Koramangala,12.938300005785857,77.61932725910737,mixed_use,11.110268893770854,3.521398741185445,5.7122600185422385,4.796129643320425,25.53761412307692,72.25030511984568,673,37.31143088741837,44.09802701055997,63,,,,35.0,84.44165621079046,87.56285637086054,35.0,72.25030511984568,90,72.2,Footprint below minimum 3m x 6m; Phase balance exceeds threshold,REJECTED,SITE-080
SITE-027,DT-204,Jayanagar,12.931839349533332,77.58753259136037,industrial,151.26664015608168,3.111000215922014,5.794307243790395,3.5595443253079715,19.70773870548062,97.45503763893586,677,54.74395269958887,33.272811269970816,152,,,,35.0,84.9435382685069,81.75201576680371,35.0,97.45503763893586,75,71.92,Trench distance exceeds threshold; Footprint below minimum 3m x 6m; Emergency access non-compliant; Phase balance exceeds threshold,REJECTED,SITE-080
SITE-050,DT-225,HSR Layout,12.910575531410789,77.63866325036916,parking_lot,247.56049936118333,3.778958144274201,6.72547588172899,5.203923701892022,20.18646817800954,62.40157097204414,714,41.48696492927863,32.87288344247303,104,,,,35.0,89.58594730238394,86.17101169024046,35.0,62.40157097204414,85,71.91,Trench distance exceeds threshold; Phase balance exceeds threshold,REJECTED,SITE-151
SITE-002,DT-237,Yelahanka,13.091158816748196,77.5786848547093,commercial,183.0291054771797,2.6456349584696333,5.193582385673629,7.259077397442764,12.135574228497177,74.06054194197273,587,17.20925250201433,28.542327566092514,126,,,,35.0,73.65119196988708,94.26358249932856,35.0,74.06054194197273,100,71.82,Trench distance exceeds threshold; Footprint below minimum 3m x 6m; Emergency access non-compliant,REJECTED,SITE-060
SITE-191,DT-200,Koramangala,12.944548941051078,77.63931786112461,commercial,89.79642125129604,3.644655892459351,5.642038839640829,7.119192360466899,9.982019570753277,55.534064807217085,673,37.31143088741837,44.09802701055997,63,,,,35.0,84.44165621079046,87.56285637086054,35.0,55.534064807217085,100,71.53,Footprint below minimum 3m x 6m; Emergency access non-compliant; Phase balance exceeds threshold,REJECTED,SITE-181
SITE-167,DT-237,Yelahanka,13.0965523445985,77.58755533125546,mixed_use,8.217834149839671,3.476224506558777,8.572955711948538,6.629702119770475,5.282449077347513,78.9273182232287,587,17.20925250201433,28.542327566092514,126,,,,35.0,73.65119196988708,94.26358249932856,35.0,78.9273182232287,90,71.3,Emergency access non-compliant,REJECTED,SITE-060
SITE-113,DT-225,HSR Layout,12.895027063973549,77.6576220949335,parking_lot,298.72047643862123,4.647210428520335,4.896588889407854,5.453377823484193,8.848326723365092,54.01417698210855,714,41.48696492927863,32.87288344247303,104,,,,35.0,89.58594730238394,86.17101169024046,35.0,54.01417698210855,85,71.07,Trench distance exceeds threshold; Footprint below minimum 3m x 6m; Emergency access non-compliant; Phase balance exceeds threshold,REJECTED,SITE-110
SITE-182,DT-200,Koramangala,12.941169775171591,77.62475678769036,commercial,8.268325036876595,4.0855961557668845,6.107872051771569,5.625781519693834,18.171165337763718,43.83135531955938,673,37.31143088741837,44.09802701055997,63,,,,35.0,84.44165621079046,87.56285637086054,35.0,43.83135531955938,100,70.36,Phase balance exceeds threshold,REJECTED,SITE-181
SITE-009,DT-204,Jayanagar,12.929253498955967,77.58982323267044,commercial,132.78677778871008,4.038523127798461,8.300374716718224,6.891981021663372,22.5800037139017,54.489183586504986,677,54.74395269958887,33.272811269970816,152,,,,35.0,84.9435382685069,81.75201576680371,35.0,54.489183586504986,100,70.12,Phase balance exceeds threshold,REJECTED,SITE-080
SITE-192,DT-212,Whitefield,12.957950071874963,77.75036343010363,mixed_use,72.21435999856094,5.1223322541427905,6.647151123158567,4.011407895325631,39.10130086472207,67.06792358740707,735,95.14218975233825,32.490911044895114,199,,,,35.0,92.22082810539524,68.28593674922058,35.0,67.06792358740707,90,69.19,Emergency access non-compliant; Phase balance exceeds threshold,REJECTED,SITE-187
SITE-121,DT-201,Indiranagar,12.984932486459703,77.63260899838717,commercial,292.08405077448236,3.6172028751509764,4.6689282982533395,7.93831637322319,7.126622369314031,97.51760932751922,663,117.53142702744856,42.29030458739827,161,,,,35.0,83.18695106649938,60.82285765751715,35.0,97.51760932751922,100,68.66,Trench distance exceeds threshold; Footprint below minimum 3m x 6m; Emergency access non-compliant; Phase balance exceeds threshold,REJECTED,SITE-181
SITE-077,DT-209,Marathahalli,12.966217659012743,77.68192680344009,parking_lot,17.85795601876566,4.602432736524985,7.879005365183093,5.287490664070669,5.084572781295639,70.7333470289411,620,50.54112945702066,12.237612720831017,121,,,,35.0,77.79171894604768,83.15295684765978,35.0,70.7333470289411,85,68.45,Emergency access non-compliant,REJECTED,SITE-181
SITE-062,DT-220,Koramangala,12.923228659035445,77.62681886645086,parking_lot,252.13187317867556,3.186460310378328,8.786578372742554,4.108486904363859,26.572548006094035,82.1784447318075,525,22.06811041994882,26.2776603120472,71,,,,35.0,65.87202007528231,92.6439631933504,35.0,82.1784447318075,85,68.39,Trench distance exceeds threshold; Emergency access non-compliant,REJECTED,SITE-080
SITE-169,DT-237,Yelahanka,13.109388261258758,77.59103937237994,mixed_use,297.95186910276016,5.366872392965336,7.853799241804191,6.6475835752161005,35.06365860975892,47.85237795232393,587,17.20925250201433,28.542327566092514,126,,,,35.0,73.65119196988708,94.26358249932856,35.0,47.85237795232393,90,68.2,Trench distance exceeds threshold,REJECTED,SITE-060
SITE-059,DT-237,Yelahanka,13.092737569115801,77.58386388566794,parking_lot,171.56269851993574,3.6583724770879815,7.140541202237055,7.577193498291488,30.71172684645823,52.77025383083033,587,17.20925250201433,28.542327566092514,126,,,,35.0,73.65119196988708,94.26358249932856,35.0,52.77025383083033,85,68.19,Trench distance exceeds threshold,REJECTED,SITE-060
SITE-096,DT-212,Whitefield,12.968518169925392,77.7438465748096,parking_lot,313.0597204676889,5.044750071088153,6.727012054872333,4.104090277824766,5.504478458431795,60.380107775539656,735,95.14218975233825,32.490911044895114,199,,,,35.0,92.22082810539524,68.28593674922058,35.0,60.380107775539656,85,68.03,Trench distance exceeds threshold; Emergency access non-compliant; Phase balance exceeds threshold,REJECTED,SITE-055
SITE-078,DT-209,Marathahalli,12.967885271143809,77.68621545013154,industrial,30.450783133475085,3.8020159340398703,4.203936623411057,7.894365510236733,34.65680429191244,75.71627393113576,620,50.54112945702066,12.237612720831017,121,,,,35.0,77.79171894604768,83.15295684765978,35.0,75.71627393113576,75,67.95,Footprint below minimum 3m x 6m,REJECTED,SITE-055
SITE-011,DT-201,Indiranagar,12.982046582491007,77.64547450681864,commercial,146.00390596907835,3.072212918202177,7.1426137149156945,7.066650115413003,17.67013222293975,89.22675873360487,663,117.53142702744856,42.29030458739827,161,,,,35.0,83.18695106649938,60.82285765751715,35.0,89.22675873360487,100,67.83,Phase balance exceeds threshold,REJECTED,SITE-181
SITE-073,DT-204,Jayanagar,12.933535422525802,77.59268492556082,industrial,78.13982748075793,4.323111146794025,6.798760556043092,6.32468297702852,11.018214333186293,53.71881740222105,677,54.74395269958887,33.272811269970816,152,,,,35.0,84.9435382685069,81.75201576680371,35.0,53.71881740222105,75,67.54,Emergency access non-compliant; Phase balance exceeds threshold,REJECTED,SITE-080
SITE-024,DT-204,Jayanagar,12.937756947985253,77.59738016266759,residential,296.3852560432265,2.4540750705380248,8.540826391630894,6.528702155048607,17.12282778253517,65.88298343244108,677,54.74395269958887,33.272811269970816,152,,,,35.0,84.9435382685069,81.75201576680371,35.0,65.88298343244108,60,67.26,Trench distance exceeds threshold; Footprint below minimum 3m x 6m; Phase balance exceeds threshold,REJECTED,SITE-080
SITE-193,DT-220,Koramangala,12.925981642252976,77.61634312236717,industrial,19.57353500022314,4.131897749146994,4.994405106027812,7.076573181172549,10.607270042897563,80.05752056450403,525,22.06811041994882,26.2776603120472,71,,,,35.0,65.87202007528231,92.6439631933504,35.0,80.05752056450403,75,67.18,Footprint below minimum 3m x 6m; Emergency access non-compliant,REJECTED,SITE-080
SITE-041,DT-212,Whitefield,12.95819745466236,77.7649796129844,industrial,172.6572413811831,4.4995297352487835,7.076279426941483,3.4745748081162984,7.673740932027778,59.726627603618525,735,95.14218975233825,32.490911044895114,199,,,,35.0,92.22082810539524,68.28593674922058,35.0,59.726627603618525,75,66.96,Trench distance exceeds threshold; Emergency access non-compliant; Phase balance exceeds threshold,REJECTED,SITE-187
SITE-148,DT-201,Indiranagar,12.972307516035004,77.62499862745373,parking_lot,226.8579514718222,3.662229124609919,6.896363265964926,4.237548782244536,7.3231440710963405,94.42122575395939,663,117.53142702744856,42.29030458739827,161,,,,35.0,83.18695106649938,60.82285765751715,35.0,94.42122575395939,85,66.85,Trench distance exceeds threshold; Emergency access non-compliant; Phase balance exceeds threshold,REJECTED,SITE-181
SITE-033,DT-204,Jayanagar,12.929703488148101,77.5880353984423,industrial,223.03134572245284,2.9088462383253386,5.433056433346048,6.799152494728043,17.631060489950002,46.67330487123314,677,54.74395269958887,33.272811269970816,152,,,,35.0,84.9435382685069,81.75201576680371,35.0,46.67330487123314,75,66.84,Trench distance exceeds threshold; Footprint below minimum 3m x 6m; Phase balance exceeds threshold,REJECTED,SITE-080
SITE-197,DT-243,Electronic City,12.863812436343924,77.65790766932099,commercial,303.1626563765492,4.089222788367092,4.243202595664677,5.581025089391009,25.07507967261576,69.02367706895663,533,51.722860561631364,42.07590748203566,121,,,,35.0,66.87578419071518,82.75904647945622,35.0,69.02367706895663,100,66.4,Trench distance exceeds threshold; Footprint below minimum 3m x 6m; Phase balance exceeds threshold,REJECTED,SITE-110
SITE-022,DT-209,Marathahalli,12.945679322215799,77.69037451388282,residential,260.9698008973587,3.0361929373770344,7.847328286157564,8.037878443001077,38.39393696857215,74.06011636923408,620,50.54112945702066,12.237612720831017,121,,,,35.0,77.79171894604768,83.15295684765978,35.0,74.06011636923408,60,66.28,Trench distance exceeds threshold,REJECTED,SITE-055
SITE-161,DT-220,Koramangala,12.929214248379276,77.64057724616241,mixed_use,18.990795488226425,4.558535532954769,5.624162661433007,3.9545087561395214,27.243205271382024,51.79167426274251,525,22.06811041994882,26.2776603120472,71,,,,35.0,65.87202007528231,92.6439631933504,35.0,51.79167426274251,90,65.85,Footprint below minimum 3m x 6m; Emergency access non-compliant,REJECTED,SITE-181
SITE-052,DT-205,HSR Layout,12.900002220303794,77.62642731624283,commercial,210.41599860913564,3.9387840216152066,6.1131241075759455,7.9844421409690085,6.126177705310772,97.72927449016828,650,146.1711852699843,15.01044028611857,189,,,,35.0,81.55583437892095,51.276271576671896,35.0,97.72927449016828,100,65.81,Trench distance exceeds threshold; Emergency access non-compliant,REJECTED,SITE-151
SITE-004,DT-209,Marathahalli,12.967353224464592,77.71040863463013,industrial,73.67091010684744,4.152075186308727,7.487835775823104,3.9331005905204757,23.195958656683636,52.80091846569473,620,50.54112945702066,12.237612720831017,121,,,,35.0,77.79171894604768,83.15295684765978,35.0,52.80091846569473,75,65.66,Emergency access non-compliant,REJECTED,SITE-055
SITE-040,DT-243,Electronic City,12.864212959097573,77.64560116997059,commercial,283.7128469977085,3.123406144081732,6.4261639883968,7.796922766734577,11.246852403863572,51.32650967142171,533,51.722860561631364,42.07590748203566,121,,,,35.0,66.87578419071518,82.75904647945622,35.0,51.32650967142171,100,64.64,Trench distance exceeds threshold; Emergency access non-compliant; Phase balance exceeds threshold,REJECTED,SITE-110
SITE-085,DT-207,Yelahanka,13.083222525021549,77.59202605243935,commercial,154.86714533596324,4.188519573079809,7.337671631888888,5.116253259921626,31.9783862647562,78.1042818704998,616,122.36872991875059,18.668139845419034,145,,,,35.0,77.28983688833124,59.21042336041646,35.0,78.1042818704998,100,64.55,Trench distance exceeds threshold,REJECTED,SITE-060
SITE-176,DT-246,Rajajinagar,12.99440017578406,77.56294976439767,commercial,67.2416768395182,2.6576245268893284,9.007763489309664,7.832035357074431,29.684173493266215,83.21602000257917,463,62.63453878299198,16.759560230862654,198,,,,35.0,58.092848180677535,79.12182040566934,35.0,83.21602000257917,100,64.28,Footprint below minimum 3m x 6m,REJECTED,SITE-083
SITE-019,DT-207,Yelahanka,13.087845101597951,77.6093405168861,mixed_use,152.01339912644733,3.194174092474767,6.2251689600960045,5.828830593154066,30.380329785256617,82.25888804826607,616,122.36872991875059,18.668139845419034,145,,,,35.0,77.28983688833124,59.21042336041646,35.0,82.25888804826607,90,63.97,Trench distance exceeds threshold,REJECTED,SITE-134
SITE-127,DT-201,Indiranagar,12.97078762515082,77.62954537572958,residential,253.34142453643975,2.430522236794823,5.4358970560297895,5.325993639778933,39.999632493723404,89.1890766108385,663,117.53142702744856,42.29030458739827,161,,,,35.0,83.18695106649938,60.82285765751715,35.0,89.1890766108385,60,63.83,Trench distance exceeds threshold; Footprint below minimum 3m x 6m; Phase balance exceeds threshold,REJECTED,SITE-181
SITE-039,DT-243,Electronic City,12.87225153714686,77.65149054997178,parking_lot,91.52666325267347,4.73159222723725,7.0341443105040415,6.124182472187668,30.20150562310689,56.6477947864235,533,51.722860561631364,42.07590748203566,121,,,,35.0,66.87578419071518,82.75904647945622,35.0,56.6477947864235,85,63.67,Phase balance exceeds threshold,REJECTED,SITE-110
SITE-063,DT-211,Indiranagar,12.967064513526712,77.63580163365661,parking_lot,242.5923035790613,5.177892470225945,4.296086801538732,8.17970504180224,13.311676510016762,77.68586465580077,506,72.22955511766347,23.115559817811537,63,,,,35.0,63.48808030112924,75.92348162744551,35.0,77.68586465580077,85,63.05,Trench distance exceeds threshold; Footprint below minimum 3m x 6m; Emergency access non-compliant,REJECTED,SITE-181
SITE-091,DT-230,Koramangala,12.942538848852209,77.62570658908122,commercial,297.4420266466927,4.009238045074065,6.065702370381506,4.982297475072692,13.383626231319445,98.73355491896086,764,233.88360531218652,32.48146673720716,177,,,,35.0,95.8594730238394,22.038798229271162,35.0,98.73355491896086,100,62.89,Trench distance exceeds threshold; Emergency access non-compliant; Phase balance exceeds threshold,REJECTED,SITE-181
SITE-138,DT-240,Koramangala,12.931985017149549,77.61172622174274,mixed_use,209.8982418374336,4.138663812681086,8.23460571116997,6.494358780419388,28.36768586831787,85.64255461475355,716,185.74458800300317,40.10634128971241,93,,,,35.0,89.83688833124216,38.08513733233227,35.0,85.64255461475355,90,62.79,Trench distance exceeds threshold; Phase balance exceeds threshold,REJECTED,SITE-080
SITE-049,DT-207,Yelahanka,13.090186547835557,77.59934367171617,residential,170.42094201800046,2.617493660509656,6.404437621163547,3.9300759844074404,24.68410197119928,99.05446210823796,616,122.36872991875059,18.668139845419034,145,,,,35.0,77.28983688833124,59.21042336041646,35.0,99.05446210823796,60,62.65,Trench distance exceeds threshold; Footprint below minimum 3m x 6m; Emergency access non-compliant,REJECTED,SITE-134
SITE-100,DT-207,Yelahanka,13.109063699653506,77.61069838321731,commercial,256.0604813157904,3.9734936643082004,5.886931916656955,8.016463886466795,20.453424694200642,57.83382097180764,616,122.36872991875059,18.668139845419034,145,,,,35.0,77.28983688833124,59.21042336041646,35.0,57.83382097180764,100,62.52,Trench distance exceeds threshold; Footprint below minimum 3m x 6m,REJECTED,SITE-134
SITE-174,DT-246,Rajajinagar,13.000875095331061,77.56780858980747,commercial,128.74384616973413,3.920616062050997,9.153797157729542,3.770403409135935,13.55091597612494,65.28460908054426,463,62.63453878299198,16.759560230862654,198,,,,35.0,58.092848180677535,79.12182040566934,35.0,65.28460908054426,100,62.49,Emergency access non-compliant,REJECTED,SITE-083
SITE-090,DT-240,Koramangala,12.899054492157054,77.62912605974586,industrial,240.227070679505,4.922860887652234,6.226060655048309,5.970397538070129,8.74927474684193,96.76648230459386,716,185.74458800300317,40.10634128971241,93,,,,35.0,89.83688833124216,38.08513733233227,35.0,96.76648230459386,75,62.4,Trench distance exceeds threshold; Emergency access non-compliant; Phase balance exceeds threshold,REJECTED,SITE-151
SITE-044,DT-207,Yelahanka,13.103593051492908,77.61305897879856,industrial,124.18403866009277,4.486627126794964,8.462218878254642,4.042723414450521,14.114581491089485,79.72624329545746,616,122.36872991875059,18.668139845419034,145,,,,35.0,77.28983688833124,59.21042336041646,35.0,79.72624329545746,75,62.21,Emergency access non-compliant,REJECTED,SITE-134
SITE-005,DT-240,Koramangala,12.916973928506275,77.64025759349852,mixed_use,266.88115621515044,3.83212643348591,8.25522967624832,3.9978857533215764,36.418052472476845,79.02161188931947,716,185.74458800300317,40.10634128971241,93,,,,35.0,89.83688833124216,38.08513733233227,35.0,79.02161188931947,90,62.12,Trench distance exceeds threshold; Emergency access non-compliant; Phase balance exceeds threshold,REJECTED,SITE-080
SITE-061,DT-243,Electronic City,12.886655119391683,77.64630055214913,residential,114.61185032010964,2.6775254745136152,8.433593096373944,8.016431457614894,28.73510458063726,62.9833650821076,533,51.722860561631364,42.07590748203566,121,,,,35.0,66.87578419071518,82.75904647945622,35.0,62.9833650821076,60,61.8,Footprint below minimum 3m x 6m; Phase balance exceeds threshold,REJECTED,SITE-110
SITE-156,DT-201,Indiranagar,12.987800386194913,77.63674961173348,parking_lot,36.237017595880396,3.9798886641522504,6.9423520165097035,7.612639363391103,25.131789042054187,43.767602267320946,663,117.53142702744856,42.29030458739827,161,,,,35.0,83.18695106649938,60.82285765751715,35.0,43.767602267320946,85,61.79,Phase balance exceeds threshold,REJECTED,SITE-056
SITE-152,DT-207,Yelahanka,13.105095193636522,77.60655115682248,residential,209.0785468881102,3.7922006767716696,8.971314361351094,5.241257927898295,39.23555346545945,85.11674563806042,616,122.36872991875059,18.668139845419034,145,,,,35.0,77.28983688833124,59.21042336041646,35.0,85.11674563806042,60,61.25,Trench distance exceeds threshold,REJECTED,SITE-134
SITE-180,DT-240,Koramangala,12.913583479117413,77.62697690529056,mixed_use,100.86537459715744,4.588370577589949,8.792446438058914,7.951854724687963,25.548621066544513,64.89627114499928,716,185.74458800300317,40.10634128971241,93,,,,35.0,89.83688833124216,38.08513733233227,35.0,64.89627114499928,90,60.71,Phase balance exceeds threshold,REJECTED,SITE-080
SITE-051,DT-242,Whitefield,12.964885175472894,77.76808761078594,commercial,206.4299265308322,2.4579615516155244,4.430143546031473,7.920996420467062,27.308921712246786,98.11098224477323,263,40.53064315769624,10.46267770734159,130,,,,35.0,32.99874529485571,86.48978561410125,35.0,98.11098224477323,100,60.08,Trench distance exceeds threshold; Footprint below minimum 3m x 6m,REJECTED,SITE-187
SITE-107,DT-210,Koramangala,12.917187184460492,77.62531170974115,commercial,190.63838774824896,2.449732206033265,7.684593749205403,7.992583044389953,31.60722757791392,96.34702103071774,591,194.06831280017133,28.482437824345844,116,,,,35.0,74.15307402760351,35.31056239994289,35.0,96.34702103071774,100,59.46,Trench distance exceeds threshold; Footprint below minimum 3m x 6m,REJECTED,SITE-080
SITE-043,DT-240,Koramangala,12.919028469250211,77.64443276104441,mixed_use,53.916105411126026,5.1913710857665105,8.543503826285407,6.647031532978913,15.593148195625865,48.11527155568193,716,185.74458800300317,40.10634128971241,93,,,,35.0,89.83688833124216,38.08513733233227,35.0,48.11527155568193,90,59.03,Phase balance exceeds threshold,REJECTED,SITE-181
SITE-194,DT-211,Indiranagar,12.985868997133654,77.63152466417093,industrial,233.89218061666918,4.67785615391692,9.156469370010935,5.213694957741632,17.01641016786619,47.12937106925598,506,72.22955511766347,23.115559817811537,63,,,,35.0,63.48808030112924,75.92348162744551,35.0,47.12937106925598,75,58.99,Trench distance exceeds threshold,REJECTED,SITE-181
SITE-081,DT-210,Koramangala,12.92490012335926,77.62572396232493,commercial,222.79553624838397,5.382542791762503,8.859300014761502,6.103913284737102,11.682599005902679,91.25249721691145,591,194.06831280017133,28.482437824345844,116,,,,35.0,74.15307402760351,35.31056239994289,35.0,91.25249721691145,100,58.95,Trench distance exceeds threshold; Emergency access non-compliant,REJECTED,SITE-080
SITE-199,DT-242,Whitefield,12.954462303637488,77.77065061862555,parking_lot,135.37033219632153,2.429447669732854,4.40248961845815,4.324608272920346,37.39870193819789,99.89577227688929,263,40.53064315769624,10.46267770734159,130,,,,35.0,32.99874529485571,86.48978561410125,35.0,99.89577227688929,85,58.76,Footprint below minimum 3m x 6m; Emergency access non-compliant,REJECTED,SITE-187
SITE-139,DT-240,Koramangala,12.913534562870593,77.61959029653043,mixed_use,135.6796659738963,4.043531369989582,6.0450054387212075,6.6930402079571625,15.912819483926283,43.91676039109325,716,185.74458800300317,40.10634128971241,93,,,,35.0,89.83688833124216,38.08513733233227,35.0,43.91676039109325,90,58.61,Phase balance exceeds threshold,REJECTED,SITE-080
SITE-111,DT-244,Jayanagar,12.921664325492264,77.56524130976653,mixed_use,230.34911951516784,5.160717062667761,8.83282033644819,4.73849851592836,35.55676443765702,96.25650720420707,199,16.13292473756761,10.049630139077625,140,,,,35.0,24.968632371392722,94.6223584208108,35.0,96.25650720420707,90,58.52,Trench distance exceeds threshold,REJECTED,SITE-080
SITE-097,DT-207,Yelahanka,13.08600322117808,77.6084601020713,industrial,301.470048188701,3.9231188182898595,5.260624988859179,8.085048239208085,16.585788714296424,40.284529538139545,616,122.36872991875059,18.668139845419034,145,,,,35.0,77.28983688833124,59.21042336041646,35.0,40.284529538139545,75,58.27,Trench distance exceeds threshold; Footprint below minimum 3m x 6m,REJECTED,SITE-134
SITE-066,DT-249,Marathahalli,12.96193885012943,77.70381210109713,commercial,114.4975874125628,3.5971526397532596,8.503946261094558,8.309346979163498,15.551065326394285,56.49840407708004,774,196.32015003870882,36.82286511939077,170,DT-249,82.9322553800929,SAFE,17.067744619907103,97.1141781681305,34.55994998709706,17.067744619907103,56.49840407708004,100,57.69,Phase balance exceeds threshold,REJECTED,SITE-055
SITE-129,DT-235,HSR Layout,12.89635027760764,77.64966839734403,mixed_use,144.05278297871916,3.1021145138576562,6.071949485442378,6.998248218177162,34.88847332187664,96.03488897704138,611,217.46806758858247,35.342408144875044,190,,,,35.0,76.6624843161857,27.510644137139174,35.0,96.03488897704138,90,57.23,Phase balance exceeds threshold,REJECTED,SITE-110
SITE-162,DT-230,Koramangala,12.943966545935307,77.64481007525221,parking_lot,213.89480264212546,2.5281362819049593,7.296528142467105,8.276095677138322,6.707089576437877,57.05654590487475,764,233.88360531218652,32.48146673720716,177,,,,35.0,95.8594730238394,22.038798229271162,35.0,57.05654590487475,85,57.22,Trench distance exceeds threshold; Footprint below minimum 3m x 6m; Emergency access non-compliant; Phase balance exceeds threshold,REJECTED,SITE-181
SITE-105,DT-244,Jayanagar,12.923588220292654,77.56179875000156,parking_lot,153.47355012914184,4.055691491561182,6.3618306309204,5.8924503581467516,38.70839892039355,88.03478272756648,199,16.13292473756761,10.049630139077625,140,,,,35.0,24.968632371392722,94.6223584208108,35.0,88.03478272756648,85,57.2,Trench distance exceeds threshold,REJECTED,SITE-080
SITE-195,DT-249,Marathahalli,12.951169851497506,77.70288531694975,residential,138.66699576611916,4.980545544126704,6.860869844643293,7.544249187486653,29.86629187624495,90.59953384094717,774,196.32015003870882,36.82286511939077,170,DT-249,82.9322553800929,SAFE,17.067744619907103,97.1141781681305,34.55994998709706,17.067744619907103,90.59953384094717,60,57.1,Phase balance exceeds threshold,REJECTED,SITE-055
SITE-185,DT-244,Jayanagar,12.936875002203145,77.56279527527977,industrial,64.11185205248853,2.6930083246666596,8.7505792183538,6.278168013741613,38.89865750724384,93.7760285442559,199,16.13292473756761,10.049630139077625,140,,,,35.0,24.968632371392722,94.6223584208108,35.0,93.7760285442559,75,56.77,Footprint below minimum 3m x 6m,REJECTED,SITE-080
SITE-178,DT-242,Whitefield,12.966231519092782,77.77183545272382,mixed_use,89.24866955965058,4.843505788222705,8.475703008236362,3.683247173768422,21.451136745487347,70.8842577357177,263,40.53064315769624,10.46267770734159,130,,,,35.0,32.99874529485571,86.48978561410125,35.0,70.8842577357177,90,56.36,Emergency access non-compliant,REJECTED,SITE-187
SITE-171,DT-221,Indiranagar,12.991679004742917,77.62462569104606,residential,148.08989712043842,3.504274943933971,8.609076083166052,6.502543759621563,28.534360496872573,90.417825935443,327,59.47196087569697,42.2294443799415,78,,,,35.0,41.028858218318696,80.17601304143435,35.0,90.417825935443,60,56.14,Phase balance exceeds threshold,REJECTED,SITE-056
SITE-166,DT-202,Whitefield,12.969731786340445,77.72589830338687,mixed_use,140.39083416199512,4.523155056973231,5.777958149987883,5.180660480959881,39.779126755253735,58.426309503712545,572,170.82958823459208,10.361238475854487,168,,,,35.0,71.76913425345045,43.05680392180265,35.0,58.426309503712545,90,55.89,Footprint below minimum 3m x 6m,REJECTED,SITE-055
SITE-135,DT-210,Koramangala,12.914621351086245,77.62364768422896,mixed_use,91.32468715564673,2.4344582561428645,4.451820574935074,8.378578405190954,13.492025257877165,69.52142916768844,591,194.06831280017133,28.482437824345844,116,,,,35.0,74.15307402760351,35.31056239994289,35.0,69.52142916768844,90,55.78,Footprint below minimum 3m x 6m; Emergency access non-compliant,REJECTED,SITE-080
SITE-042,DT-235,HSR Layout,12.915273424077798,77.64282949530245,industrial,246.4668282571829,4.7764733516542535,7.98286412371412,3.668351700278976,18.507978154842775,96.1398658298299,611,217.46806758858247,35.342408144875044,190,,,,35.0,76.6624843161857,27.510644137139174,35.0,96.1398658298299,75,55.74,Trench distance exceeds threshold; Emergency access non-compliant; Phase balance exceeds threshold,REJECTED,SITE-080
SITE-048,DT-223,Electronic City,12.860689644862486,77.68212405254036,commercial,218.68395920790917,3.3961192369221074,4.505559127656755,6.160108076898579,21.331073347423235,97.95561296669457,680,281.96967194274504,29.15393793791479,120,,,,35.0,85.31994981179423,6.010109352418325,35.0,97.95561296669457,100,55.64,Trench distance exceeds threshold; Footprint below minimum 3m x 6m,REJECTED,SITE-101
SITE-074,DT-248,Hebbal,13.027003685947337,77.60259051958548,mixed_use,119.04103340269712,3.3694189225416995,5.639947719614311,6.248410453123156,10.063722624840004,99.32719377643275,149,38.742811058163895,39.21227320911685,184,,,,35.0,18.695106649937266,87.0857296472787,35.0,99.32719377643275,90,55.06,Footprint below minimum 3m x 6m; Emergency access non-compliant; Phase balance exceeds threshold,REJECTED,SITE-054
SITE-102,DT-248,Hebbal,13.032673905322898,77.59748765526447,commercial,75.72161363162813,2.802520619489917,8.757203644380846,5.2998041679112395,21.617112478419116,81.68414480555039,149,38.742811058163895,39.21227320911685,184,,,,35.0,18.695106649937266,87.0857296472787,35.0,81.68414480555039,100,54.3,Footprint below minimum 3m x 6m; Phase balance exceeds threshold,REJECTED,SITE-054
SITE-031,DT-228,Hebbal,13.050623916236821,77.60077186553761,residential,143.6930380072197,2.9023435826147184,5.198779072540515,7.38432216677481,11.577888382114217,95.81103157083136,317,84.2298762646048,42.63361209181164,195,,,,35.0,39.7741530740276,71.92337457846507,35.0,95.81103157083136,60,54.24,Footprint below minimum 3m x 6m; Emergency access non-compliant; Phase balance exceeds threshold,REJECTED,SITE-054
SITE-053,DT-228,Hebbal,13.03950629524175,77.59344684407488,industrial,44.89140762582669,4.670565986844842,8.467290603576243,5.514505221716238,39.039396090166065,79.93478887825157,317,84.2298762646048,42.63361209181164,195,,,,35.0,39.7741530740276,71.92337457846507,35.0,79.93478887825157,75,54.16,Phase balance exceeds threshold,REJECTED,SITE-054
SITE-064,DT-228,Hebbal,13.038181363397216,77.5983832150644,residential,27.832726224485395,4.199993128780694,8.680504668377035,6.887240412246532,13.30726494613849,94.72811025945018,317,84.2298762646048,42.63361209181164,195,,,,35.0,39.7741530740276,71.92337457846507,35.0,94.72811025945018,60,54.14,Emergency access non-compliant; Phase balance exceeds threshold,REJECTED,SITE-054
SITE-164,DT-230,Koramangala,12.938248025744118,77.62795348526429,residential,217.4769964759971,4.971128009684113,6.061366177085816,4.312459534025752,21.85882481930821,49.656165726495644,764,233.88360531218652,32.48146673720716,177,,,,35.0,95.8594730238394,22.038798229271162,35.0,49.656165726495644,60,53.98,Trench distance exceeds threshold; Emergency access non-compliant; Phase balance exceeds threshold,REJECTED,SITE-181
SITE-170,DT-228,Hebbal,13.038543664713176,77.5926055585634,industrial,13.42773308570852,2.8316102312116214,8.757553126302717,7.873583238427893,17.28373678707917,77.09021939045809,317,84.2298762646048,42.63361209181164,195,,,,35.0,39.7741530740276,71.92337457846507,35.0,77.09021939045809,75,53.87,Footprint below minimum 3m x 6m; Phase balance exceeds threshold,REJECTED,SITE-054
SITE-109,DT-235,HSR Layout,12.897817582647535,77.64144380595539,residential,232.85637115002586,2.9194730708153216,4.434808584283102,3.2676325944096445,30.953516490213246,92.08881306083958,611,217.46806758858247,35.342408144875044,190,,,,35.0,76.6624843161857,27.510644137139174,35.0,92.08881306083958,60,53.84,Trench distance exceeds threshold; Footprint below minimum 3m x 6m; Emergency access non-compliant; Phase balance exceeds threshold,REJECTED,SITE-110
SITE-087,DT-228,Hebbal,13.02338215564743,77.59499024928176,parking_lot,103.62353901463204,4.192083859073279,7.547628426037537,7.130872807143231,31.651358954792865,64.32633164925078,317,84.2298762646048,42.63361209181164,195,,,,35.0,39.7741530740276,71.92337457846507,35.0,64.32633164925078,85,53.6,Phase balance exceeds threshold,REJECTED,SITE-083
SITE-196,DT-248,Hebbal,13.043596219665687,77.60010775728227,mixed_use,20.426571632214483,4.8071212785664805,6.412296470929519,6.8900566387046425,36.99842363507794,84.09972453911872,149,38.742811058163895,39.21227320911685,184,,,,35.0,18.695106649937266,87.0857296472787,35.0,84.09972453911872,90,53.54,Phase balance exceeds threshold,REJECTED,SITE-054
SITE-114,DT-242,Whitefield,12.94713103905648,77.77614804985646,parking_lot,72.75846393419697,2.798807468414078,4.750247168017694,7.945884500399245,11.86543605166218,46.85019249948955,263,40.53064315769624,10.46267770734159,130,,,,35.0,32.99874529485571,86.48978561410125,35.0,46.85019249948955,85,53.46,Footprint below minimum 3m x 6m; Emergency access non-compliant,REJECTED,SITE-187
SITE-006,DT-208,Hebbal,13.035219749214153,77.60214945782597,commercial,30.728252516046545,3.1926770671709055,6.439071098533547,6.376463662174411,7.375570201030403,67.56667924220447,602,238.20806947562014,32.59948169390519,86,,,,35.0,75.53324968632371,20.597310174793293,35.0,67.56667924220447,100,53.32,Emergency access non-compliant; Phase balance exceeds threshold,REJECTED,SITE-054
SITE-137,DT-230,Koramangala,12.943513404378976,77.62800921483888,residential,101.01100617058577,5.111148245473984,7.670522214334201,7.082021883619805,21.27070076129885,42.84330490141002,764,233.88360531218652,32.48146673720716,177,,,,35.0,95.8594730238394,22.038798229271162,35.0,42.84330490141002,60,53.3,Phase balance exceeds threshold,REJECTED,SITE-181
SITE-012,DT-210,Koramangala,12.913557833417805,77.60856914110364,residential,120.79231071419477,3.515719392540581,5.8042481595525,4.349309268931755,31.336264386325173,73.32704298266731,591,194.06831280017133,28.482437824345844,116,,,,35.0,74.15307402760351,35.31056239994289,35.0,73.32704298266731,60,53.16,Footprint below minimum 3m x 6m; Emergency access non-compliant,REJECTED,SITE-151
SITE-186,DT-208,Hebbal,13.037762398682496,77.59334538136211,industrial,314.2498842102139,5.028624809135779,4.220351033876803,4.235492707833613,6.16572359922271,89.52128832649018,602,238.20806947562014,32.59948169390519,86,,,,35.0,75.53324968632371,20.597310174793293,35.0,89.52128832649018,75,53.01,Trench distance exceeds threshold; Footprint below minimum 3m x 6m; Emergency access non-compliant; Phase balance exceeds threshold,REJECTED,SITE-054
SITE-067,DT-223,Electronic City,12.876307826157262,77.68822624105826,industrial,184.10004648251416,5.199825631108131,6.52707536236486,6.646085196080355,18.56058242737907,95.91212193174081,680,281.96967194274504,29.15393793791479,120,,,,35.0,85.31994981179423,6.010109352418325,35.0,95.91212193174081,75,52.94,Trench distance exceeds threshold,REJECTED,SITE-101
SITE-173,DT-203,Electronic City,12.846219386938646,77.65532756759464,parking_lot,21.417236472724653,3.907015783957345,7.224735400378998,4.1616407455166184,14.26770313716911,78.99711507845596,715,291.50242707452196,41.04548148892131,179,,,,35.0,89.71141781681304,2.8325243084926788,35.0,78.99711507845596,85,52.77,Emergency access non-compliant; Phase balance exceeds threshold,REJECTED,SITE-110
SITE-099,DT-223,Electronic City,12.867809290946859,77.69142683726511,mixed_use,37.347787467581675,4.831932248794771,5.916682536012998,5.881958900999107,5.018404950583343,78.94983888223007,680,281.96967194274504,29.15393793791479,120,,,,35.0,85.31994981179423,6.010109352418325,35.0,78.94983888223007,90,52.74,Footprint below minimum 3m x 6m; Emergency access non-compliant,REJECTED,SITE-101
SITE-038,DT-244,Jayanagar,12.916875075881533,77.55065652654514,residential,277.93137837020095,2.8912150354686417,6.432822474772669,5.324255508555874,10.567298650814578,63.35864939899138,199,16.13292473756761,10.049630139077625,140,,,,35.0,24.968632371392722,94.6223584208108,35.0,63.35864939899138,60,52.23,Trench distance exceeds threshold; Footprint below minimum 3m x 6m; Emergency access non-compliant,REJECTED,SITE-151
SITE-079,DT-247,Yelahanka,13.107298757889065,77.5955578878266,mixed_use,255.54452783888738,4.547850745372758,9.190022353207462,5.662780242961306,6.43899723449972,91.66262352022987,264,118.34810015327577,27.37885910255258,84,,,,35.0,33.12421580928482,60.55063328224142,35.0,91.66262352022987,90,51.99,Trench distance exceeds threshold; Emergency access non-compliant,REJECTED,SITE-134
SITE-124,DT-208,Hebbal,13.050007469778215,77.5987913510972,parking_lot,14.825764183117712,5.388685351610064,9.441442781931562,5.9825287365417745,34.57901128927381,67.15275875191362,602,238.20806947562014,32.59948169390519,86,,,,35.0,75.53324968632371,20.597310174793293,35.0,67.15275875191362,85,51.77,Phase balance exceeds threshold,REJECTED,SITE-054
SITE-149,DT-223,Electronic City,12.856078472711769,77.68558333850306,parking_lot,275.79379919606754,4.962672616625179,8.828020882229843,6.844112675909381,12.194374509100246,73.47947214700747,680,281.96967194274504,29.15393793791479,120,,,,35.0,85.31994981179423,6.010109352418325,35.0,73.47947214700747,85,51.7,Trench distance exceeds threshold; Emergency access non-compliant,REJECTED,SITE-101
SITE-084,DT-223,Electronic City,12.860846203173598,77.69172553541678,mixed_use,73.02596010788801,3.101580692667515,7.243267023692649,3.378034474480641,19.194464447635102,68.41898068056007,680,281.96967194274504,29.15393793791479,120,,,,35.0,85.31994981179423,6.010109352418325,35.0,68.41898068056007,90,51.69,Emergency access non-compliant,REJECTED,SITE-101
SITE-089,DT-228,Hebbal,13.043415925767315,77.59861145876482,residential,261.8777448574175,4.555301888053858,8.451020336577486,7.624479614903456,25.130196248239994,69.47163165415863,317,84.2298762646048,42.63361209181164,195,,,,35.0,39.7741530740276,71.92337457846507,35.0,69.47163165415863,60,51.61,Trench distance exceeds threshold; Phase balance exceeds threshold,REJECTED,SITE-054
SITE-108,DT-208,Hebbal,13.046006837443512,77.59792145063732,mixed_use,305.56505652084394,3.8411437880175314,8.873905042324374,5.551886092010358,29.579284875652082,60.42040822315532,602,238.20806947562014,32.59948169390519,86,,,,35.0,75.53324968632371,20.597310174793293,35.0,60.42040822315532,90,51.6,Trench distance exceeds threshold; Phase balance exceeds threshold,REJECTED,SITE-054
SITE-075,DT-203,Electronic City,12.857461525464855,77.65425301421638,industrial,87.55291590849743,2.800794492468445,5.474715737120306,7.190504550927826,37.84553091807245,76.03960956196234,715,291.50242707452196,41.04548148892131,179,,,,35.0,89.71141781681304,2.8325243084926788,35.0,76.03960956196234,75,51.48,Footprint below minimum 3m x 6m; Phase balance exceeds threshold,REJECTED,SITE-110
SITE-147,DT-214,Jayanagar,12.917604005142545,77.59466471272458,commercial,256.55762842098534,3.054690681003394,7.81295448293549,7.786120783598229,13.713324290895539,90.50165429680274,87,56.76881591974452,26.538656678824452,100,,,,35.0,10.915934755332497,81.07706136008515,35.0,90.50165429680274,100,51.34,Trench distance exceeds threshold; Emergency access non-compliant,REJECTED,SITE-080
SITE-013,DT-203,Electronic City,12.850357048871302,77.64237790877077,residential,166.81846395826878,4.467610832374584,8.420693193397934,5.864055962167022,17.286335839895553,89.6063572147776,715,291.50242707452196,41.04548148892131,179,,,,35.0,89.71141781681304,2.8325243084926788,35.0,89.6063572147776,60,51.33,Trench distance exceeds threshold; Phase balance exceeds threshold,REJECTED,SITE-110
SITE-133,DT-248,Hebbal,13.042529351772112,77.59573669824593,industrial,60.77759935670399,4.784619713879289,7.016586564037583,3.9616841065370023,37.75550011956996,76.27027454433953,149,38.742811058163895,39.21227320911685,184,,,,35.0,18.695106649937266,87.0857296472787,35.0,76.27027454433953,75,51.26,Emergency access non-compliant; Phase balance exceeds threshold,REJECTED,SITE-054
SITE-016,DT-248,Hebbal,13.028181642698748,77.60131602348991,residential,80.47132999824566,2.9839080542677374,7.803222666160348,7.394340386077018,10.70486743363396,90.76675803441472,149,38.742811058163895,39.21227320911685,184,,,,35.0,18.695106649937266,87.0857296472787,35.0,90.76675803441472,60,51.21,Footprint below minimum 3m x 6m; Emergency access non-compliant; Phase balance exceeds threshold,REJECTED,SITE-054
SITE-125,DT-248,Hebbal,13.05467171163757,77.60985986978557,industrial,158.17675043246328,5.324853511477673,4.56095341875501,7.504772255518719,5.337420058324576,75.42104749636165,149,38.742811058163895,39.21227320911685,184,,,,35.0,18.695106649937266,87.0857296472787,35.0,75.42104749636165,75,51.17,Trench distance exceeds threshold; Footprint below minimum 3m x 6m; Emergency access non-compliant; Phase balance exceeds threshold,REJECTED,SITE-054
SITE-154,DT-236,Rajajinagar,12.995947440958643,77.5514933404195,commercial,20.451358544185236,4.313359806308838,6.292485007464647,4.3956906352820955,9.363461318737546,90.18159276357576,172,97.27512061647252,26.077609678006734,174,,,,35.0,21.580928481806776,67.57495979450916,35.0,90.18159276357576,100,51.14,Emergency access non-compliant,REJECTED,SITE-083
SITE-141,DT-210,Koramangala,12.92376770005701,77.6203733451353,residential,309.8696430463383,3.5890847593261554,6.699799995948986,6.004005719306103,9.628875518788522,52.9470614432057,591,194.06831280017133,28.482437824345844,116,,,,35.0,74.15307402760351,35.31056239994289,35.0,52.9470614432057,60,51.12,Trench distance exceeds threshold; Emergency access non-compliant,REJECTED,SITE-080
SITE-140,DT-214,Jayanagar,12.902363171320484,77.58423591939138,commercial,282.75994947086826,5.114979970534334,6.424531708468091,4.034430971443051,31.779673267322565,87.73811316595152,87,56.76881591974452,26.538656678824452,100,,,,35.0,10.915934755332497,81.07706136008515,35.0,87.73811316595152,100,51.07,Trench distance exceeds threshold; Emergency access non-compliant,REJECTED,SITE-151
SITE-047,DT-203,Electronic City,12.83985339331547,77.6471207575162,parking_lot,186.98899922728333,2.9225360619091543,8.015063456402546,6.468935621445588,35.865106871144505,59.53598003257154,715,291.50242707452196,41.04548148892131,179,,,,35.0,89.71141781681304,2.8325243084926788,35.0,59.53598003257154,85,50.83,Trench distance exceeds threshold; Footprint below minimum 3m x 6m; Phase balance exceeds threshold,REJECTED,SITE-110
SITE-145,DT-223,Electronic City,12.864780202780938,77.68581177463344,mixed_use,262.7422402458807,5.095122008310903,7.341210263933598,6.182270701705444,20.063643066248535,57.729702459526166,680,281.96967194274504,29.15393793791479,120,,,,35.0,85.31994981179423,6.010109352418325,35.0,57.729702459526166,90,50.62,Trench distance exceeds threshold,REJECTED,SITE-101
SITE-088,DT-215,HSR Layout,12.916010190454918,77.64191769225317,parking_lot,233.37964231501834,4.38076263238437,6.308755558405036,6.19938289591855,26.209849391037952,86.40163906408497,188,97.43850585288419,31.320455945398873,191,,,,35.0,23.588456712672524,67.52049804903861,35.0,86.40163906408497,85,49.85,Trench distance exceeds threshold; Phase balance exceeds threshold,REJECTED,SITE-080
SITE-046,DT-238,Hebbal,13.044276380321575,77.60921477272801,mixed_use,48.14333160935051,3.516422315829863,8.301827867250754,7.220310541158611,27.871678211151856,98.36513363716588,564,290.2072545215227,30.053574469671794,72,,,,35.0,70.76537013801757,3.264248492825761,35.0,98.36513363716588,90,49.63,Phase balance exceeds threshold,REJECTED,SITE-054
SITE-030,DT-248,Hebbal,13.031658576928923,77.60007261105112,industrial,176.01925911828152,4.021431967607975,4.25611891562706,6.087831854149693,17.565642336524128,58.855400122310755,149,38.742811058163895,39.21227320911685,184,,,,35.0,18.695106649937266,87.0857296472787,35.0,58.855400122310755,75,49.52,Trench distance exceeds threshold; Footprint below minimum 3m x 6m; Phase balance exceeds threshold,REJECTED,SITE-054
SITE-001,DT-219,Marathahalli,12.972006666360844,77.70117624840233,commercial,254.42203610780643,2.6801186038217697,8.718015118582755,4.394697155155496,33.74558315050838,92.26201950504095,207,135.30698153478008,31.210427105990398,132,,,,35.0,25.972396486825595,54.897672821739974,35.0,92.26201950504095,100,49.49,Trench distance exceeds threshold; Footprint below minimum 3m x 6m; Emergency access non-compliant; Phase balance exceeds threshold,REJECTED,SITE-055
SITE-008,DT-234,Jayanagar,12.928205850945918,77.5890206627553,commercial,251.7683691622042,4.414703499656756,7.158440387320019,3.6307479147329316,5.041236432196942,62.91264845957869,80,45.33142634227403,26.734207469963422,191,,,,35.0,10.037641154328734,84.88952455257532,35.0,62.91264845957869,100,49.27,Trench distance exceeds threshold; Emergency access non-compliant,REJECTED,SITE-080
SITE-175,DT-248,Hebbal,13.03714935907943,77.60230423650697,residential,61.14951906447514,3.9248761196815503,7.130729996087044,6.369101682124803,25.574803937319984,71.21805869612906,149,38.742811058163895,39.21227320911685,184,,,,35.0,18.695106649937266,87.0857296472787,35.0,71.21805869612906,60,49.25,Phase balance exceeds threshold,REJECTED,SITE-054
SITE-150,DT-241,Indiranagar,12.959888562737058,77.64213309990943,mixed_use,253.23130715512968,3.9151159996133416,8.951091208668021,5.647627572394789,37.34857338441092,78.34153763037145,540,261.5722832081742,24.79418463682309,163,,,,35.0,67.75407779171894,12.80923893060859,35.0,78.34153763037145,90,49.11,Trench distance exceeds threshold,REJECTED,SITE-181
SITE-095,DT-247,Yelahanka,13.115135313192711,77.59945135889156,commercial,258.372798957438,4.7636952019744845,5.555669084449462,5.866138206663258,9.051335630186404,50.05046425406617,264,118.34810015327577,27.37885910255258,84,,,,35.0,33.12421580928482,60.55063328224142,35.0,50.05046425406617,100,48.83,Trench distance exceeds threshold; Footprint below minimum 3m x 6m; Emergency access non-compliant,REJECTED,SITE-134
SITE-021,DT-208,Hebbal,13.049406776513086,77.59511402245838,industrial,90.8788729836695,4.805952579783817,6.9829556914741335,4.644721471154591,29.73277047239774,44.570907768815644,602,238.20806947562014,32.59948169390519,86,,,,35.0,75.53324968632371,20.597310174793293,35.0,44.570907768815644,75,48.52,Phase balance exceeds threshold,REJECTED,SITE-054
SITE-189,DT-214,Jayanagar,12.91984413526231,77.60437033575737,commercial,249.403590910787,2.4650025557670596,9.33676181396829,5.94153718331575,5.48757885171306,62.09376693246162,87,56.76881591974452,26.538656678824452,100,,,,35.0,10.915934755332497,81.07706136008515,35.0,62.09376693246162,100,48.5,Trench distance exceeds threshold; Footprint below minimum 3m x 6m; Emergency access non-compliant,REJECTED,SITE-080
SITE-103,DT-214,Jayanagar,12.924914732684629,77.6018732837303,commercial,216.02890469402823,3.7411807656740135,7.299341379278754,7.806363157376236,31.48163715206924,58.42222856745197,87,56.76881591974452,26.538656678824452,100,,,,35.0,10.915934755332497,81.07706136008515,35.0,58.42222856745197,100,48.14,Trench distance exceeds threshold,REJECTED,SITE-080
SITE-072,DT-223,Electronic City,12.876069365015432,77.68851329828833,industrial,116.76731518280596,3.37669008464313,6.378864751660416,7.019702333999062,10.539561044737695,46.65147891120764,680,281.96967194274504,29.15393793791479,120,,,,35.0,85.31994981179423,6.010109352418325,35.0,46.65147891120764,75,48.01,Emergency access non-compliant,REJECTED,SITE-101
SITE-143,DT-215,HSR Layout,12.922567597718535,77.64580202882593,parking_lot,144.83376932225255,3.663183571044489,8.630131647043207,8.269001355953613,25.359979765925697,64.64897164147652,188,97.43850585288419,31.320455945398873,191,,,,35.0,23.588456712672524,67.52049804903861,35.0,64.64897164147652,85,47.67,Phase balance exceeds threshold,REJECTED,SITE-181
SITE-120,DT-241,Indiranagar,12.96045188214644,77.63830929440938,parking_lot,175.5225293837344,4.614329886159282,7.923314453382701,6.423937602525429,23.28468597783998,68.34050820581818,540,261.5722832081742,24.79418463682309,163,,,,35.0,67.75407779171894,12.80923893060859,35.0,68.34050820581818,85,47.61,Trench distance exceeds threshold,REJECTED,SITE-181
SITE-070,DT-215,HSR Layout,12.9069930622701,77.65319752698653,parking_lot,122.62288041948574,4.211384621957136,6.486692205331986,5.237924513228197,32.984437511988276,62.433210532060855,188,97.43850585288419,31.320455945398873,191,,,,35.0,23.588456712672524,67.52049804903861,35.0,62.433210532060855,85,47.45,Phase balance exceeds threshold,REJECTED,SITE-110
SITE-092,DT-245,HSR Layout,12.896260967056808,77.64814208003489,industrial,294.6275850570713,3.275685670549219,8.559952122167518,6.3667818712853235,25.641832546410026,87.76254777031633,206,124.15283248128819,19.765670587225827,79,,,,35.0,25.84692597239649,58.615722506237276,35.0,87.76254777031633,75,47.43,Trench distance exceeds threshold,REJECTED,SITE-110
SITE-014,DT-245,HSR Layout,12.925813448505465,77.66042886319532,residential,34.77594760539361,2.7101956542518466,5.938339829388675,4.289200813671085,19.95516372608563,98.19792065759802,206,124.15283248128819,19.765670587225827,79,,,,35.0,25.84692597239649,58.615722506237276,35.0,98.19792065759802,60,46.98,Footprint below minimum 3m x 6m; Emergency access non-compliant,REJECTED,SITE-181
SITE-188,DT-238,Hebbal,13.048364685680053,77.60772178597735,mixed_use,163.64168986995017,4.357038269163955,5.450635220135382,5.212409644888496,8.213869858728286,71.66595390184794,564,290.2072545215227,30.053574469671794,72,,,,35.0,70.76537013801757,3.264248492825761,35.0,71.66595390184794,90,46.96,Trench distance exceeds threshold; Footprint below minimum 3m x 6m; Emergency access non-compliant; Phase balance exceeds threshold,REJECTED,SITE-054
SITE-023,DT-241,Indiranagar,12.980574381386022,77.65084067869921,industrial,221.9203843585755,4.901846015956818,9.100365347990303,7.998897211899007,29.427238547763338,70.24395500471172,540,261.5722832081742,24.79418463682309,163,,,,35.0,67.75407779171894,12.80923893060859,35.0,70.24395500471172,75,46.8,Trench distance exceeds threshold,REJECTED,SITE-181
SITE-146,DT-219,Marathahalli,12.955379440422202,77.68246409944261,commercial,130.39931130549473,3.9120271951382253,7.477669016738902,4.574568472730762,17.00023485314486,65.3032114939424,207,135.30698153478008,31.210427105990398,132,,,,35.0,25.972396486825595,54.897672821739974,35.0,65.3032114939424,100,46.8,Phase balance exceeds threshold,REJECTED,SITE-181
SITE-034,DT-241,Indiranagar,12.966853459265002,77.6315118367744,commercial,189.6635723988458,4.407393851388401,6.717785704946247,7.596935592014732,23.111962380486727,44.87391795080927,540,261.5722832081742,24.79418463682309,163,,,,35.0,67.75407779171894,12.80923893060859,35.0,44.87391795080927,100,46.77,Trench distance exceeds threshold,REJECTED,SITE-181
SITE-130,DT-219,Marathahalli,12.966058414716978,77.68144912245434,commercial,132.03844269560713,3.3442777714192657,6.523192788152878,3.4968099759517335,12.699951033473488,63.797398155632195,207,135.30698153478008,31.210427105990398,132,,,,35.0,25.972396486825595,54.897672821739974,35.0,63.797398155632195,100,46.65,Emergency access non-compliant; Phase balance exceeds threshold,REJECTED,SITE-181
SITE-026,DT-218,Hebbal,13.054234385924877,77.58252423937655,residential,46.206069214847425,3.269899544324113,5.5294145413967115,7.215008180504641,32.93067583491056,96.38084232487287,145,98.72742100368923,29.43112405085015,61,,,,35.0,18.193224592220826,67.09085966543694,35.0,96.38084232487287,60,46.62,Footprint below minimum 3m x 6m,REJECTED,SITE-054
SITE-071,DT-206,Rajajinagar,12.995184006245106,77.56652529933831,parking_lot,57.65507020972692,3.6362835360082153,8.347370693738158,6.155398980841005,6.6004670731671995,93.09132754646743,171,136.77405647297593,38.80909325413998,119,,,,35.0,21.45545796737767,54.40864784234136,35.0,93.09132754646743,85,46.6,Emergency access non-compliant; Phase balance exceeds threshold,REJECTED,SITE-083
SITE-104,DT-236,Rajajinagar,12.99822999324114,77.5605991470976,parking_lot,89.85572414972954,5.245839698209435,4.646784218815557,6.6688598182155285,39.44765983686586,58.774840554333664,172,97.27512061647252,26.077609678006734,174,,,,35.0,21.580928481806776,67.57495979450916,35.0,58.774840554333664,85,46.5,Footprint below minimum 3m x 6m,REJECTED,SITE-083
SITE-010,DT-219,Marathahalli,12.972279343521413,77.70309341705492,parking_lot,56.07893802514258,4.041739262674811,9.005076406550938,3.354160305911543,37.55345238345392,76.73072710769591,207,135.30698153478008,31.210427105990398,132,,,,35.0,25.972396486825595,54.897672821739974,35.0,76.73072710769591,85,46.44,Emergency access non-compliant; Phase balance exceeds threshold,REJECTED,SITE-055
SITE-069,DT-233,Electronic City,12.839130337270678,77.66328060625656,mixed_use,130.1609958887121,3.8852026752444226,6.281273638281187,7.42464344836861,14.640124715668044,81.09593509124196,223,155.21494399867927,13.32420759439628,56,,,,35.0,27.97992471769134,48.26168533377357,35.0,81.09593509124196,90,46.32,Emergency access non-compliant,REJECTED,SITE-110
SITE-136,DT-245,HSR Layout,12.914722541044847,77.65089310456014,commercial,60.53642742489252,2.407430367738243,6.356016692459749,4.428816463441277,22.985254432297783,50.220828254673194,206,124.15283248128819,19.765670587225827,79,,,,35.0,25.84692597239649,58.615722506237276,35.0,50.220828254673194,100,46.18,Footprint below minimum 3m x 6m; Emergency access non-compliant,REJECTED,SITE-110
SITE-094,DT-245,HSR Layout,12.921837108051994,77.65229460964274,commercial,152.52416229551616,2.516533094903552,9.336232777511892,4.262272920194349,37.354067505660694,48.366652520638254,206,124.15283248128819,19.765670587225827,79,,,,35.0,25.84692597239649,58.615722506237276,35.0,48.366652520638254,100,45.99,Trench distance exceeds threshold; Footprint below minimum 3m x 6m; Emergency access non-compliant,REJECTED,SITE-181
SITE-082,DT-215,HSR Layout,12.926293374251951,77.65713694577806,industrial,245.41132406821032,4.520649594630638,8.877562003667215,4.462255215227936,5.04621342530819,54.48624777866455,188,97.43850585288419,31.320455945398873,191,,,,35.0,23.588456712672524,67.52049804903861,35.0,54.48624777866455,75,45.66,Trench distance exceeds threshold; Emergency access non-compliant; Phase balance exceeds threshold,REJECTED,SITE-181
SITE-058,DT-206,Rajajinagar,12.982849174469063,77.54770749738717,parking_lot,144.87490144737725,4.769083787538763,8.852518174650324,3.2866158371425946,19.05512854212555,82.00607352820825,171,136.77405647297593,38.80909325413998,119,,,,35.0,21.45545796737767,54.40864784234136,35.0,82.00607352820825,85,45.49,Emergency access non-compliant; Phase balance exceeds threshold,REJECTED,SITE-083
SITE-160,DT-213,Electronic City,12.853577657798317,77.66391311419126,industrial,227.2454641836747,4.165337068481015,5.653445345891861,4.473981026791396,8.96314857298663,57.19368826703717,504,246.06591155315004,14.177998036585045,69,,,,35.0,63.237139272271015,17.97802948228332,35.0,57.19368826703717,75,45.44,Trench distance exceeds threshold; Footprint below minimum 3m x 6m; Emergency access non-compliant,REJECTED,SITE-110
SITE-028,DT-219,Marathahalli,12.956185293693848,77.69234319707458,residential,151.3893664708282,4.9212296552736,7.117763517282203,3.3416378414473087,39.762177436447935,91.04017144402461,207,135.30698153478008,31.210427105990398,132,,,,35.0,25.972396486825595,54.897672821739974,35.0,91.04017144402461,60,45.37,Trench distance exceeds threshold; Emergency access non-compliant; Phase balance exceeds threshold,REJECTED,SITE-055
SITE-003,DT-247,Yelahanka,13.099726656662531,77.5873971235003,residential,17.70090390687323,4.9835449593161325,5.789329591910462,6.986638108419346,34.83899769354487,54.85959671096671,264,118.34810015327577,27.37885910255258,84,,,,35.0,33.12421580928482,60.55063328224142,35.0,54.85959671096671,60,45.31,Footprint below minimum 3m x 6m,REJECTED,SITE-060
SITE-068,DT-219,Marathahalli,12.950500791605664,77.68645454942425,mixed_use,306.92706755104797,2.783231868467641,9.007974896695307,4.683650263013269,36.5299117203143,54.72678596713587,207,135.30698153478008,31.210427105990398,132,,,,35.0,25.972396486825595,54.897672821739974,35.0,54.72678596713587,90,44.74,Trench distance exceeds threshold; Footprint below minimum 3m x 6m; Phase balance exceeds threshold,REJECTED,SITE-055
SITE-045,DT-222,Whitefield,12.984511418164452,77.75070330997465,mixed_use,94.70051739947058,3.249694203842814,4.719374427269656,6.2815598924163325,18.18118800967427,62.546547467546844,523,287.98217184001913,25.84522716688731,199,,,,35.0,65.62107904642409,4.005942719993627,35.0,62.546547467546844,90,44.69,Footprint below minimum 3m x 6m,REJECTED,SITE-055
SITE-093,DT-217,Yelahanka,13.091952048007734,77.60666781633122,residential,225.40609712300932,4.6874065069441,6.190444470845198,5.659883548662821,10.495702873983262,60.74271641509067,277,140.3148356216987,18.072937788270885,119,,,,35.0,34.75533249686324,53.22838812610043,35.0,60.74271641509067,60,44.56,Trench distance exceeds threshold; Emergency access non-compliant,REJECTED,SITE-134
SITE-132,DT-218,Hebbal,13.03978045527937,77.58362547528017,mixed_use,151.98484283996697,4.68526277391954,9.092919446054504,3.3868979537291297,26.25061473679126,45.82486245996331,145,98.72742100368923,29.43112405085015,61,,,,35.0,18.193224592220826,67.09085966543694,35.0,45.82486245996331,90,44.56,Trench distance exceeds threshold; Emergency access non-compliant,REJECTED,SITE-083
SITE-119,DT-217,Yelahanka,13.10367072873432,77.60327389268501,residential,53.077479553757,5.373919147939585,4.98681665569011,7.51579454486594,17.97920494959623,60.687591108041445,277,140.3148356216987,18.072937788270885,119,,,,35.0,34.75533249686324,53.22838812610043,35.0,60.687591108041445,60,44.55,Footprint below minimum 3m x 6m,REJECTED,SITE-134
SITE-032,DT-222,Whitefield,12.9731576573498,77.74132885865359,residential,15.876335735457676,2.9475050295898404,5.804406415397338,6.500383972908673,19.996944134646405,90.21680973644868,523,287.98217184001913,25.84522716688731,199,,,,35.0,65.62107904642409,4.005942719993627,35.0,90.21680973644868,60,44.46,Footprint below minimum 3m x 6m,REJECTED,SITE-055
SITE-131,DT-206,Rajajinagar,12.983521307979313,77.5729319209369,residential,9.062389124318871,3.3688390598507,5.891301645366897,8.44354452969601,31.24549407138156,95.12737587161564,171,136.77405647297593,38.80909325413998,119,,,,35.0,21.45545796737767,54.40864784234136,35.0,95.12737587161564,60,44.3,Footprint below minimum 3m x 6m; Phase balance exceeds threshold,REJECTED,SITE-080
SITE-112,DT-206,Rajajinagar,12.985040178925454,77.55926504672429,mixed_use,105.52196955892339,3.466896550660964,5.085715593970042,7.512950858703173,39.34070058217035,64.04396090997972,171,136.77405647297593,38.80909325413998,119,,,,35.0,21.45545796737767,54.40864784234136,35.0,64.04396090997972,90,44.19,Footprint below minimum 3m x 6m; Phase balance exceeds threshold,REJECTED,SITE-083
SITE-179,DT-241,Indiranagar,12.970151380311671,77.6418365674897,residential,100.39526578756454,2.415766375512883,5.59728741004751,6.9372528677347205,15.569247831454568,59.11950441344596,540,261.5722832081742,24.79418463682309,163,,,,35.0,67.75407779171894,12.80923893060859,35.0,59.11950441344596,60,44.19,Footprint below minimum 3m x 6m,REJECTED,SITE-181
SITE-000,DT-213,Electronic City,12.869126247806717,77.66085838141872,residential,84.36185724241291,3.8463740037108733,7.96026559027908,4.466726925603447,38.40072545380198,57.38982791051911,504,246.06591155315004,14.177998036585045,69,,,,35.0,63.237139272271015,17.97802948228332,35.0,57.38982791051911,60,43.95,Emergency access non-compliant,REJECTED,SITE-110
SITE-190,DT-233,Electronic City,12.848054753434205,77.6486011265665,industrial,201.17861552577415,4.204594238131302,4.619599517605595,5.209307344908176,36.48770354988102,70.21197827631048,223,155.21494399867927,13.32420759439628,56,,,,35.0,27.97992471769134,48.26168533377357,35.0,70.21197827631048,75,43.73,Trench distance exceeds threshold; Footprint below minimum 3m x 6m,REJECTED,SITE-110
SITE-036,DT-219,Marathahalli,12.954997250475248,77.69064175339294,residential,182.68804648160048,4.693154076675905,4.767579776747683,4.283619906145216,16.188318178314788,68.8048373883823,207,135.30698153478008,31.210427105990398,132,,,,35.0,25.972396486825595,54.897672821739974,35.0,68.8048373883823,60,43.15,Trench distance exceeds threshold; Footprint below minimum 3m x 6m; Emergency access non-compliant; Phase balance exceeds threshold,REJECTED,SITE-055
SITE-163,DT-222,Whitefield,12.964384138197753,77.75341161561734,industrial,44.89600946939918,5.337531832710847,5.948624326679247,5.2488716223930325,35.309692970466,60.62764270436511,523,287.98217184001913,25.84522716688731,199,,,,35.0,65.62107904642409,4.005942719993627,35.0,60.62764270436511,75,43.0,Footprint below minimum 3m x 6m,REJECTED,SITE-187
SITE-025,DT-206,Rajajinagar,12.996527882907255,77.5698389739719,residential,80.09555276968429,4.31486057939798,4.519105862269745,5.199379315896648,35.20005461941716,79.74519819541123,171,136.77405647297593,38.80909325413998,119,,,,35.0,21.45545796737767,54.40864784234136,35.0,79.74519819541123,60,42.76,Footprint below minimum 3m x 6m; Phase balance exceeds threshold,REJECTED,SITE-083
SITE-076,DT-214,Jayanagar,12.909126659933687,77.58970969784964,residential,277.809498659495,3.6219607423457925,8.124824517871241,4.8594718176606,36.307422450996775,40.60138522836147,87,56.76881591974452,26.538656678824452,100,,,,35.0,10.915934755332497,81.07706136008515,35.0,40.60138522836147,60,42.35,Trench distance exceeds threshold,REJECTED,SITE-151
SITE-115,DT-216,Rajajinagar,12.984061161449578,77.54132963629199,parking_lot,210.61541280175425,4.516129937591776,9.434304472015846,7.741514767706192,37.93670493361816,91.54431942972269,352,273.488400305206,33.889163950997734,141,,,,35.0,44.165621079046424,8.837199898264657,35.0,91.54431942972269,85,41.86,Trench distance exceeds threshold; Phase balance exceeds threshold,REJECTED,SITE-083
SITE-158,DT-233,Electronic City,12.85833981165184,77.63212599311866,industrial,119.22563814443573,3.0924470655847998,5.002593485278624,3.9840398996222723,15.312926225314364,51.27041510636718,223,155.21494399867927,13.32420759439628,56,,,,35.0,27.97992471769134,48.26168533377357,35.0,51.27041510636718,75,41.84,Footprint below minimum 3m x 6m; Emergency access non-compliant,REJECTED,SITE-110
SITE-172,DT-216,Rajajinagar,12.971994344120171,77.55589739228958,mixed_use,116.83045632706734,3.805717457683814,4.289839611098155,6.444025915361564,6.167896538711142,83.18612323011536,352,273.488400305206,33.889163950997734,141,,,,35.0,44.165621079046424,8.837199898264657,35.0,83.18612323011536,90,41.53,Footprint below minimum 3m x 6m; Emergency access non-compliant; Phase balance exceeds threshold,REJECTED,SITE-080
SITE-018,DT-238,Hebbal,13.040686086251227,77.60195129613476,residential,112.43807031179215,3.7669172382820877,6.1134933965746825,5.61008314919563,35.74704161263857,46.663795658904654,564,290.2072545215227,30.053574469671794,72,,,,35.0,70.76537013801757,3.264248492825761,35.0,46.663795658904654,60,41.46,Phase balance exceeds threshold,REJECTED,SITE-054
SITE-142,DT-238,Hebbal,13.041014229177886,77.60076746771786,residential,292.56033300269735,2.4223110897801217,5.483803949960372,5.496127528711186,19.0705436762058,41.023212970605904,564,290.2072545215227,30.053574469671794,72,,,,35.0,70.76537013801757,3.264248492825761,35.0,41.023212970605904,60,40.9,Trench distance exceeds threshold; Footprint below minimum 3m x 6m; Phase balance exceeds threshold,REJECTED,SITE-054
SITE-168,DT-216,Rajajinagar,12.967721091622506,77.56062175108173,industrial,136.1920033409174,4.101845187249497,6.0602377847134505,4.9303513116545945,22.91167927990318,90.06727667924225,352,273.488400305206,33.889163950997734,141,,,,35.0,44.165621079046424,8.837199898264657,35.0,90.06727667924225,75,40.72,Phase balance exceeds threshold,REJECTED,SITE-080
SITE-126,DT-232,Whitefield,12.959996014970075,77.74867164567306,mixed_use,50.83457098316424,2.4382330006629127,8.34019293184084,7.944864256234489,14.097453581686981,67.6899252694432,165,183.82100954104462,40.358795510986184,54,,,,35.0,20.70263488080301,38.72633015298512,35.0,67.6899252694432,90,40.41,Footprint below minimum 3m x 6m; Emergency access non-compliant; Phase balance exceeds threshold,REJECTED,SITE-187
SITE-029,DT-232,Whitefield,12.966160918192017,77.74695612799728,parking_lot,222.50939067621388,2.529502253947437,6.039802214294325,7.3897458961385025,18.258411003390037,67.35816332239555,165,183.82100954104462,40.358795510986184,54,,,,35.0,20.70263488080301,38.72633015298512,35.0,67.35816332239555,85,39.88,Trench distance exceeds threshold; Footprint below minimum 3m x 6m; Phase balance exceeds threshold,REJECTED,SITE-055
SITE-017,DT-232,Whitefield,12.971582932726452,77.74024564452317,mixed_use,41.3687175470138,3.2876697335635328,6.127653429267017,7.4573539004263925,11.922488703291187,62.26064837332184,165,183.82100954104462,40.358795510986184,54,,,,35.0,20.70263488080301,38.72633015298512,35.0,62.26064837332184,90,39.87,Emergency access non-compliant; Phase balance exceeds threshold,REJECTED,SITE-055
SITE-144,DT-232,Whitefield,12.970279642595724,77.7573370579196,industrial,33.02158963209341,4.045271447316258,4.376954394272738,4.081898011048879,39.289078910335235,75.93342149931865,165,183.82100954104462,40.358795510986184,54,,,,35.0,20.70263488080301,38.72633015298512,35.0,75.93342149931865,75,39.74,Footprint below minimum 3m x 6m; Emergency access non-compliant; Phase balance exceeds threshold,REJECTED,SITE-187
SITE-035,DT-216,Rajajinagar,12.986437171193188,77.5464715684127,parking_lot,152.89184373040737,3.9816328393276894,7.956477020593695,7.082094180578193,8.140892294344937,61.79808003084456,352,273.488400305206,33.889163950997734,141,,,,35.0,44.165621079046424,8.837199898264657,35.0,61.79808003084456,85,38.89,Trench distance exceeds threshold; Emergency access non-compliant; Phase balance exceeds threshold,REJECTED,SITE-083
SITE-116,DT-231,Indiranagar,12.982389552321733,77.61981131212033,residential,123.69142025231649,3.565395440753074,5.178501778903028,6.223300745762495,30.3558339988143,87.93414061884116,361,281.675813654796,16.915911275210334,111,,,,35.0,45.29485570890841,6.108062115068003,35.0,87.93414061884116,60,38.66,Footprint below minimum 3m x 6m,REJECTED,SITE-181
SITE-165,DT-227,Yelahanka,13.096309426913086,77.6233010671077,parking_lot,55.184413428810046,3.6166703083445424,7.017958848312608,4.271117547633315,27.833481621816787,78.08521326398662,249,250.6390255083998,37.905304466379164,197,,,,35.0,31.242158092848182,16.453658163866724,35.0,78.08521326398662,85,38.54,Emergency access non-compliant; Phase balance exceeds threshold,REJECTED,SITE-134
SITE-122,DT-216,Rajajinagar,12.967408427094218,77.55615835705986,industrial,245.29331641419037,4.162362464959697,6.953753892723943,5.125586855490505,17.21455588795088,65.83793126269168,352,273.488400305206,33.889163950997734,141,,,,35.0,44.165621079046424,8.837199898264657,35.0,65.83793126269168,75,38.29,Trench distance exceeds threshold; Phase balance exceeds threshold,REJECTED,SITE-080
SITE-153,DT-229,Marathahalli,12.949736748078667,77.68153271989712,commercial,139.10513707947098,2.4318154217412657,6.6900715172754985,8.38251167235774,29.475609272705995,84.45402691129823,198,268.58640721392504,35.69849671990712,77,,,,35.0,24.843161856963615,10.471197595358317,35.0,84.45402691129823,100,37.27,Footprint below minimum 3m x 6m; Phase balance exceeds threshold,REJECTED,SITE-181
SITE-065,DT-229,Marathahalli,12.938091413567944,77.68048025448596,parking_lot,96.69665987635194,4.089931203063325,9.339429909977692,5.097412407668804,8.235883612430294,90.53790539049257,198,268.58640721392504,35.69849671990712,77,,,,35.0,24.843161856963615,10.471197595358317,35.0,90.53790539049257,85,36.37,Emergency access non-compliant; Phase balance exceeds threshold,REJECTED,SITE-181
SITE-117,DT-229,Marathahalli,12.949673840568025,77.69039973949815,industrial,223.25668920296243,5.349634000324743,9.416423931617434,8.136457894117834,17.583691643730212,93.37496440613708,198,268.58640721392504,35.69849671990712,77,,,,35.0,24.843161856963615,10.471197595358317,35.0,93.37496440613708,75,35.66,Trench distance exceeds threshold; Phase balance exceeds threshold,REJECTED,SITE-055
SITE-098,DT-227,Yelahanka,13.102519113559941,77.61496880477878,mixed_use,227.64274403949588,4.999197241411712,4.467380948283424,5.4801880847047375,32.801335172025674,42.27902949441513,249,250.6390255083998,37.905304466379164,197,,,,35.0,31.242158092848182,16.453658163866724,35.0,42.27902949441513,90,35.46,Trench distance exceeds threshold; Footprint below minimum 3m x 6m; Phase balance exceeds threshold,REJECTED,SITE-134
SITE-157,DT-229,Marathahalli,12.935033333803693,77.66598295811325,industrial,96.29653019231458,5.117288421539091,6.971561027497511,5.87836197903019,32.46963640108802,89.6132300257549,198,268.58640721392504,35.69849671990712,77,,,,35.0,24.843161856963615,10.471197595358317,35.0,89.6132300257549,75,35.28,Phase balance exceeds threshold,REJECTED,SITE-181
SITE-057,DT-216,Rajajinagar,12.962789933479277,77.54314130799162,residential,312.813625173911,4.80861359462264,5.781656445820307,4.412307247611553,34.44255884729418,48.21173222280705,352,273.488400305206,33.889163950997734,141,,,,35.0,44.165621079046424,8.837199898264657,35.0,48.21173222280705,60,35.03,Trench distance exceeds threshold; Footprint below minimum 3m x 6m; Emergency access non-compliant; Phase balance exceeds threshold,REJECTED,SITE-080
SITE-015,DT-229,Marathahalli,12.952210335237252,77.69393051441271,industrial,136.89146555304475,3.507728951763135,7.608674520707747,3.3371673265338,38.73586949281252,84.93744813452338,198,268.58640721392504,35.69849671990712,77,,,,35.0,24.843161856963615,10.471197595358317,35.0,84.93744813452338,75,34.81,Emergency access non-compliant; Phase balance exceeds threshold,REJECTED,SITE-055
SITE-106,DT-229,Marathahalli,12.949087932682819,77.68053749591759,parking_lot,54.778432366325816,4.987260594912479,5.9128809292508535,5.64023058813254,21.423754379104828,42.79239145002185,198,268.58640721392504,35.69849671990712,77,,,,35.0,24.843161856963615,10.471197595358317,35.0,42.79239145002185,85,31.6,Footprint below minimum 3m x 6m; Phase balance exceeds threshold,REJECTED,SITE-181
